# Auto-generated log file
# Created: 2026-03-04 20:13:55.859130

[2026-03-04 20:13:55.895144] Update #1: Ac4QclP46cFbUiDsrJ
5zA
9Vdnjt3
[2026-03-04 20:13:56.966393] Update #2: ndUJe6erCnnnUeO3xd9Dm7pEQwchfr
[2026-03-04 20:13:59.133285] Update #3: yBnJd7gFfikkGjrudCxkccyq8c45
P
[2026-03-04 20:14:07.723610] Update #4: 1cDo7YQXk8omVoPBnvh3KeYGmIy5Wt
[2026-03-04 20:14:07.725964] Update #5: UmucRTyYqt7x5sZmdDP2UU9oTrptyj
[2026-03-04 20:14:08.800895] Update #6: XOV8AcJhZjePY1ZHnQ2RnAammZCPyg
[2026-03-04 20:14:08.801686] Update #7: JpjqPTnyOlmlIQ59iiCmkCY4dkMvbK
[2026-03-04 20:14:09.873971] Update #8: f
HWyA
93FH8YrbVYzHnMxEtp
jEKz
[2026-03-04 20:14:12.004285] Update #9: Sjvsq3MSK0wbUwpbTByWkQR0uh
noF
[2026-03-04 20:14:16.262877] Update #10: JDTZkF48mr1LkgIWO4EB1l7mo1JRgy
[2026-03-04 20:14:22.796894] Update #11: Meg88UQj8
RlWuPUPdB1PdslqnxrFs
[2026-03-04 20:14:22.797454] Update #12: WZMr07KmI93FP9SUAM8khZKfIfsnmu
[2026-03-04 20:14:23.871209] Update #13: SMOHB1iNMhM9ycLk5hP2x16kbTks
P
[2026-03-04 20:14:24.940983] Update #14: S2MDtfcIHoyfz9Fu
B18eb6W4OSasG
[2026-03-04 20:14:29.263212] Update #15: pgpaD3iLRKnlwsqZglCThcYPBE4szd
[2026-03-04 20:14:29.263720] Update #16: 4R2HJcYYDXzc5Gs3h1ZTIpffF1nU50
[2026-03-04 20:14:29.264021] Update #17: DbW
yUqsFi4kuEr8wx6wcXeTU3KRI1
[2026-03-04 20:14:30.351868] Update #18: vFCeZBc
S6jy23p7kgi7tGkONLRQBU
[2026-03-04 20:14:31.437009] Update #19: EsEiRds1CNh1CjX625Jb3N2ZKRIQV1
[2026-03-04 20:14:34.670385] Update #20: R2gT1V1yQXz5iwWHOfQ6tCUCClGaxa
[2026-03-04 20:14:36.792510] Update #21: dYbi9cWipO7XbfpFUAKUBvLX1DB6oN
[2026-03-04 20:14:36.793053] Update #22: wbVBMdTDzIYxfeLB81R8nCDdZwVWma
[2026-03-04 20:14:40.057237] Update #23: 1a1brW7gkQQQAvPQ6pb9klyLCDLXQO
[2026-03-04 20:14:44.304459] Update #24: kVgaJoA1aOD90aG51ZoRbXAKqyIk0H
[2026-03-04 20:14:55.306623] Update #25: FI0jvvtM9B8KN6IRfwQQxH9sC8u6jz
[2026-03-04 20:14:56.386892] Update #26: ALlEluaGqv0Zig8dat6CedrxgYyL1H
[2026-03-04 20:14:57.449615] Update #27: 6cmYw8EUQlKhqcWQn4kv3dBJN2F6pm
[2026-03-04 20:15:03.897303] Update #28: B4ooiFjfAo0BsBIDREN2sh3AD2r
NX
[2026-03-04 20:15:11.490678] Update #29: meJ9srCVRSECPc2W0dgiolSCkP3GVv
[2026-03-04 20:15:11.492562] Update #30: 6IONfLQzadS2kCvoy2Vk2zdn0nSrTO
[2026-03-04 20:15:13.749277] Update #31: EO0MgLDmm7FbUnVynKrCkLBJrpnIDA
[2026-03-04 20:15:15.896317] Update #32: EikDNPA
70nuIbas3Eu3gTywU93YTE
[2026-03-04 20:15:18.037731] Update #33: 4
Vu7sFF3iJQPAu1kFX1tnvmk2uwAi
[2026-03-04 20:15:19.197099] Update #34: 7ILJYzc9HWEXK8PFYxshsnz3l7YSrq
[2026-03-04 20:15:22.399947] Update #35: MfFU5fqAdzqao14YhJwO6L578
ErCt
[2026-03-04 20:15:24.567828] Update #36: ir79e7DWQOCmwqxfDaAz0JYHNNgZdx
[2026-03-04 20:15:28.846740] Update #37: 4Ol
e3ONT4vhd7y0CdBYa
uhnBxX5

[2026-03-04 20:15:29.913420] Update #38: mBGDMMwa
RjPEU25QMGMvmDDTMG29R
[2026-03-04 20:15:29.913865] Update #39: L8lAGxc8HqPTDqd0mvPdxQXfgNgAPo
[2026-03-04 20:15:31.013954] Update #40: 9Q9lViQBHnElvqOCBd1og
hb7T0Tpn
[2026-03-04 20:15:32.078528] Update #41: nrmQETx5vVxTAH3NbTmsN4VRvIEvJM
[2026-03-04 20:15:33.167627] Update #42: tIBJyJtOFv81QQ3RViMhk5B94WA4HA
[2026-03-04 20:15:35.311786] Update #43: MkIIKxfKNjcBzcoHNfBTC1nen
EBT3
[2026-03-04 20:15:36.388264] Update #44: 88VrB8TjLDU1nm8A2M
92rtEpB8QXr
[2026-03-04 20:15:38.647519] Update #45: 1EWovNVQOm8lSQP0HFl4G78e3aEjAG
[2026-03-04 20:15:41.826677] Update #46: OJ2wh3ksMfzUo7gLwQNZO5lDm5qZcS
[2026-03-04 20:15:41.827694] Update #47: 6IMvAXrM8
imtvhBVBd252ElRBDW84
[2026-03-04 20:15:51.711995] Update #48: MaKwdgx4hR81tHrpI1Ov83jNvLGbif
[2026-03-04 20:15:53.882486] Update #49: 9BVan8FfHJIHaTwKXsL7a5oseSN6K3
[2026-03-04 20:15:56.049170] Update #50: nOL4bA5d1WAOtdyUGx6lDSqV
d6ugq
[2026-03-04 20:15:59.368812] Update #51: JaxF
GmfMAPMXWFO82LdTF30RLx9yB
[2026-03-04 20:16:02.577726] Update #52: rlRZoybhXPvw9PVhneAdpxyhylkbxm
[2026-03-04 20:16:05.846007] Update #53: 7
0jlteXMCWFQo6LH64j4WZb4WYZd5
[2026-03-04 20:16:06.915718] Update #54: vgjuEGxChRBylknraR4J6VMdR
71
6
[2026-03-04 20:16:08.001658] Update #55: LCWoBqNs2FJstmaZQK8jV3BzTzV05d
[2026-03-04 20:16:09.089806] Update #56: m260Pmh0yiBM9p04UjM9HGBeGKz1gA
[2026-03-04 20:16:09.090079] Update #57: aaaFWMy74yUhfGuYGKVN39yarbwwuk
[2026-03-04 20:16:10.183576] Update #58: 8shyAlz3jdahaQx7p6URMyrFYcyi0i
[2026-03-04 20:16:10.184582] Update #59: 5nIaTWxQWMX2G3jVIUWgEWq6box22A
[2026-03-04 20:16:11.276811] Update #60: 7tBXGr1
mcil4vKc6vZisiZ1pBgtt

[2026-03-04 20:16:12.382258] Update #61: pKmWzPc
Zc5c55vmuqbnJSEaFqevcq
[2026-03-04 20:16:14.518273] Update #62: udWgUv4g0zBePMHqWMO
ZHo0qbyVAO
[2026-03-04 20:16:15.594089] Update #63: unMVTgQ6
Sg2YmxApiGofyI0a0Ix
C
[2026-03-04 20:16:16.680344] Update #64: DpjR5Q2j74z1PEbz5Yjm9s5ZiDq4eU
[2026-03-04 20:16:17.730547] Update #65: GyEQVxrNhqay3gb5MzkGqqw3QP
Gy6
[2026-03-04 20:16:19.914465] Update #66: dGS1Mldfq7dmWWTu
PQc2LJEkN
hc8
[2026-03-04 20:16:27.441327] Update #67: tJsRM9YajVit
himeRANxvxRzWjLZm
[2026-03-04 20:16:28.514912] Update #68: gk0IAUhrOzS8iDQjSMMHFX4FlIJrVP
[2026-03-04 20:16:35.023010] Update #69: 60xb8GGknOm5PNymcHHoLtu
oCjS0Z
[2026-03-04 20:16:37.194217] Update #70: DNZGDL8YqB8ZXwp7bzeiXvPZM1oBCQ
[2026-03-04 20:16:43.545304] Update #71: I
9vfvkD4T67aeDgPZjIieHjHzRbyQ
[2026-03-04 20:16:44.741066] Update #72: BpMjElCwqNka9FsNUtU5G8SzVSq0jS
[2026-03-04 20:16:45.877225] Update #73: 7btuVG0zjb2LSQpB6ZqAwC7KeXYcJt
[2026-03-04 20:16:45.877861] Update #74: kVZeQe5NE8oyIpAeCUFX1XkdOkJc8W
[2026-03-04 20:16:45.878133] Update #75: 0QHMc8hH6YSNMnpNdkKMhIPfN2bgQ3
[2026-03-04 20:16:50.277595] Update #76: U5o5FNNdC6hdfLBPWjuGtL1OgnrY0z
[2026-03-04 20:16:50.277903] Update #77: qMYo2BSf2YVHxgwG
ooMqyyBm86Hsf
[2026-03-04 20:16:51.367102] Update #78: XHhfMZMD4jmCFiHGH5hNCMq96AduG9
[2026-03-04 20:17:04.489575] Update #79: FRu1VAwoRFCUpitBm8i7dbbJsr53a0
[2026-03-04 20:17:05.539346] Update #80: hWoGhyzf55W6C0oMr7mTrhiIJPr6mS
[2026-03-04 20:17:06.600112] Update #81: pMe6812HXr4OvFV6Q
QOTVonsQ1A9I
[2026-03-04 20:17:07.688938] Update #82: 1GtXeXtwrR7pnlWgDvtHkMdasEpoV2
[2026-03-04 20:17:08.771754] Update #83: JHwCqvFQMbvSLVi98SfOs8VBPpTvD0
[2026-03-04 20:17:08.772063] Update #84: bfxx8xOHXWf0MlJUt36hVK3VYYQELE
[2026-03-04 20:17:14.257443] Update #85: UlyrD5fMLOZgLoXk
0TpfxYDa55sNq
[2026-03-04 20:17:15.373923] Update #86: 9e99NnOSk461sBrsVnTO3kgdEuO7bV
[2026-03-04 20:17:18.613618] Update #87: Vd7WADENpUK0nWfNvWLRXPv6S4oBS7
[2026-03-04 20:17:20.797962] Update #88: zv7269noLpaJujmcCxieqaYesdj72U
[2026-03-04 20:17:21.880741] Update #89: UQmwHNL28y0zrTQQ2or1U2gAsFJouY
[2026-03-04 20:17:28.297071] Update #90: ur5W7sNsGEkgOxeK
qkoYJVRIk9YsZ
[2026-03-04 20:17:32.677779] Update #91: QtkIDvzCucg3965O6Y9ZuSrRBDx3dL
[2026-03-04 20:17:42.138448] Update #92: DzsooNiTtfLJQCXQEiv8MoFVz0l85t
[2026-03-04 20:17:42.139209] Update #93: UtvqN3dUhDecKNifnAEzvlQlOexeTK
[2026-03-04 20:17:43.239769] Update #94: WWRcR0qgOJWqaysDpyRDAVRNakK3y0
[2026-03-04 20:17:47.605017] Update #95: 58J3rRzAdy3sZwIABpFF7iZulWvm5c
[2026-03-04 20:17:55.256160] Update #96: cqsyhWNfucH6TDvX4iUFaXNRUtPyJX
[2026-03-04 20:17:56.331129] Update #97: DoZLI4Bzqox5Qdo74oojflR9kjTKTN
[2026-03-04 20:18:01.680139] Update #98: 1Xr9PhY
n9kpZMshZFj9EhQHHxOFL3
[2026-03-04 20:18:03.857886] Update #99: 3
lmtInamu161R9EsSi1DBl1e4UM7g
[2026-03-04 20:18:10.307683] Update #100: cwp3s0Nl7OaZc4Ah55J0mvvDThO4BG
[2026-03-04 20:18:12.418816] Update #101: Z7yOp6O19n5DU

Uc2QDhWLoik96xl
[2026-03-04 20:18:14.578167] Update #102: iEXi
BTsX4RFgTLJBOhbljbhsp5CNr
[2026-03-04 20:18:14.579126] Update #103: lgk6MQvkXsqDzCzLQangizD72IfYYi
[2026-03-04 20:18:15.649392] Update #104: uAUF3LykND0aGTC5tFvahSJkB6HwFN
[2026-03-04 20:18:17.796272] Update #105: aVtqQltioWINFR
6IL7xbqeZ3UB
mp
[2026-03-04 20:18:18.874123] Update #106: bnwXvEbdCIAzlowaAHGh0uNev9wcTO
[2026-03-04 20:18:18.874474] Update #107: xuGLWJuvRtftcsaZtire221oISqCnb
[2026-03-04 20:18:21.015951] Update #108: KQ0
5JzBC1P0ODzAwQHvDpaZPViD4C
[2026-03-04 20:18:21.016442] Update #109: ZX2LY3TemzlcNGpSXmQctjML9KDc
L
[2026-03-04 20:18:24.216753] Update #110: s0y1NAtq3KN7QxCqpn4BIqDVZ6
8Ff
[2026-03-04 20:18:38.813387] Update #111: QbAFhFfxcytXTu2S4ClS1EFwuoGtjn
[2026-03-04 20:18:39.897717] Update #112: N8iwv3ZX7
enggWW7S4kgwVB222H7g
[2026-03-04 20:18:42.082840] Update #113: Mplulv3M3G7OW3B1xAubDVMERn9g
L
[2026-03-04 20:18:50.656094] Update #114: 76S4GFi6V25saB5hqlDMAdzQtGN4N1
[2026-03-04 20:18:52.791986] Update #115: Bl4JQGZsWwhTaXAqmWdLrquB729ARj
[2026-03-04 20:18:56.006834] Update #116: 7
jZGKIICrp8gfGx3C6EuJMnUCr3TS
[2026-03-04 20:18:58.159107] Update #117: AaxQIycPupiu
DVCuXLcTsjZjziK74
[2026-03-04 20:18:58.160204] Update #118: rkPqa1V38xfPOPmql99m836CUoEPIF
[2026-03-04 20:18:59.228639] Update #119: SHDrM2s
glCGk2ktJf3hr5v3srfiG5
[2026-03-04 20:19:01.435893] Update #120: MHYYRPoizxeB4w0nB5Ki4if4wWz45r
[2026-03-04 20:19:06.885488] Update #121: yIkZL0GdvE7TodvrCSgBm06inbMT
G
[2026-03-04 20:19:09.053670] Update #122: BN1ACBYbWNMLYJZaChYeEgH
wtMFGF
[2026-03-04 20:19:15.436784] Update #123: ESOJ9ML3wv97HO3qsfrJBwLuv34mTv
[2026-03-04 20:19:15.437678] Update #124: 4irxXQKBAo0HDAnGzZQAhnUb4t9c6Z
[2026-03-04 20:19:16.524716] Update #125: 1qBGNQXOK0hlef7PZuT0lcI8AiZPE4
[2026-03-04 20:19:18.663510] Update #126: VdTNAB3xHY8fHdODQqIDNfnwF87Sqr
[2026-03-04 20:19:20.805308] Update #127: cAAXj8RU
MjJkUnbwmWw52Bi0WyAMD
[2026-03-04 20:19:23.351849] Update #128: ubT9v30MwFg2u5TvNeFkWsQhIiT1Lp
[2026-03-04 20:19:23.351973] Update #129: ZWErvqIHehvdZZYE6RndkqPiIuHKB

[2026-03-04 20:19:25.499207] Update #130: Z2uDW0SZjyRyhNTSxdqQkOHpDsK5xu
[2026-03-04 20:19:29.781560] Update #131: CFIu9xGSKxDItZeTmb4WsMPwwqmhrH
[2026-03-04 20:19:30.869693] Update #132: VLYPbyzrz3qWTZNwNx2YqlOA0zAyiZ
[2026-03-04 20:19:34.074183] Update #133: STqISuPs0VW7oheOEoVvzcu7bLmRLQ
[2026-03-04 20:19:38.318911] Update #134: U9MdYCT1zJU28eAgH0sDZDZESIFaa

[2026-03-04 20:19:40.463465] Update #135: kYjiGzAbS8h76EReJOHTD3YTUUzyA3
[2026-03-04 20:19:41.525213] Update #136: eNlTpETD8Q3Feysy2
9XrTBHSjuVMC
[2026-03-04 20:19:46.856945] Update #137: nXiJvSBJ1xdlS0Hw9JHxG50gYcN9vz
[2026-03-04 20:19:46.858324] Update #138: ym57V3gK49TjT1qVpEAeKB1O49pG1

[2026-03-04 20:19:52.334295] Update #139: Ts3k6lGpeSjRBTSTA6GfIkXpSze9Fb
[2026-03-04 20:19:57.795287] Update #140: Tc1yq3P0l3fViFwc5G5HHdqLFZJedD
[2026-03-04 20:19:58.891792] Update #141: 0ptFoU0o6xKWmioM4f8Tf5RQPXD7YH
[2026-03-04 20:20:02.156407] Update #142: OmhBxQgXuEUvQKB23aanP029V4FUh3
[2026-03-04 20:20:18.891268] Update #143: fVljyV6Au97yws4G1GocPNQMX8KzFq
[2026-03-04 20:20:25.323811] Update #144: LtGrf4CRe03ehrAovKTVoQOGcKo45l
[2026-03-04 20:20:27.486752] Update #145: Na2bgsFEalPf5M6bH9heDG8unMQhHa
[2026-03-04 20:20:37.108701] Update #146: ghsr0aY
iLhhTNvTua29D4SiEsmlaX
[2026-03-04 20:20:41.459363] Update #147: un
zPF7hXndiih6m56L7I0mxfkp2Qc
[2026-03-04 20:20:42.537048] Update #148: 0tijKTRcmvxkGLEv6lYO2eHR6ajg8E
[2026-03-04 20:20:43.623395] Update #149: fDrXdiO32XnCbnoEmE1Mmm3tjjVig3
[2026-03-04 20:20:47.921402] Update #150: iK2Q7
ilCBjp7qGYmCabwi5IVGFRs4
[2026-03-04 20:20:49.007814] Update #151: u8DloL1dWCGUCDPaDJ2xUAEanfYjZV
[2026-03-04 20:20:58.779741] Update #152: oAqhzuWf2EAa2uJ3DPKsv1xsnJHpuu
[2026-03-04 20:21:02.040475] Update #153: uETbe8qWDHyTyW52EeB5nrYikwixbE
[2026-03-04 20:21:03.117673] Update #154: 8ohFKFieGt14iLMcUbGYaqjpsRPL96
[2026-03-04 20:21:07.412354] Update #155: Eb0XzpCyBKROMSNU1HSh9R5IB
ZiVd
[2026-03-04 20:21:09.560842] Update #156: kEuHT2f6LXmT8Jk3wqV8ZPaW7RIPFp
[2026-03-04 20:21:12.301446] Update #157: vRsHs8wEBrz76ZreXxZLIKfH1a1I1I
[2026-03-04 20:21:24.121989] Update #158: s44M7mewhdIMrk69rQFyEZ5
q9C3S1
[2026-03-04 20:21:27.321187] Update #159: zMw9bCaJj34K30uxCYj4Wk8UZXI9i

[2026-03-04 20:21:30.520923] Update #160: pNTrIh9ZdA6c5XWwW01KcRQX
wY2Lr
[2026-03-04 20:21:31.605871] Update #161: gyi
QTbVF7BhIpZD8bQSgTgqKO0Gmw
[2026-03-04 20:21:34.787506] Update #162: PEYK8D5c4uEun5LpaHmQGxfh2
t1c5
[2026-03-04 20:21:35.903815] Update #163: XVwz5YAy9qypcgpeIhf8HynqgVBrdJ
[2026-03-04 20:21:38.055175] Update #164: yc1rggOXPSeCAABOhujuWEJdeuZMsY
[2026-03-04 20:21:39.146325] Update #165: rH5j2NcoCqBlI14jv0awvTwVjUqipC
[2026-03-04 20:21:42.374306] Update #166: 1ObOmIE2EdBerRDrVRwurICoFK8XT1
[2026-03-04 20:21:42.374612] Update #167: HBJIjK0kVBYPgR3fi9IwR74hWwclVM
[2026-03-04 20:21:44.547506] Update #168: Xv2c
1QMUnhnSWHZts3qcDY1gSUqnz
[2026-03-04 20:21:45.641567] Update #169: vfFnnwsapO5llQnWzYWbCDzXJiYIio
[2026-03-04 20:21:50.010017] Update #170: JroV0VU6msubFCaSXzarjK9bMWlROg
[2026-03-04 20:21:52.136769] Update #171: M59UQ4mX3bSGrq0TxieMtNQNdkV6Ra
[2026-03-04 20:21:54.271367] Update #172: AeeRLFqGMaaSExe70s6mvRoDvDp0st
[2026-03-04 20:21:57.440867] Update #173: 7Qirw8IIpzixCbAtnIMGNFGcS5pxN8
[2026-03-04 20:21:59.553847] Update #174: Y6aakZm5oWRPaSQBimXx5hdhvgqYTv
[2026-03-04 20:22:00.646742] Update #175: Xd83Hf5jVNVt4hIKG
uW52uI5lmFAr
[2026-03-04 20:22:04.942688] Update #176: BBxIKlOd7QqTPrDRuxeR5rQjJi
LMG
[2026-03-04 20:22:06.287351] Update #177: FpmbrxrZx2YhCmDqHJbmCLIYbo1S8Q
[2026-03-04 20:22:07.370679] Update #178: C5ddiPV
xYhQADvApEFEAujnOWRYgB
[2026-03-04 20:22:08.421066] Update #179: 1pTbdHhZSLhiYstYSll3oQ6N3EIsTD
[2026-03-04 20:22:09.479769] Update #180: IuKg3JJePu
cdBtPfzZ86FhzDVZfeZ
[2026-03-04 20:22:10.570863] Update #181: Ruexa2usdMEhC4gJQOt9BbBUOQG96h
[2026-03-04 20:22:13.784542] Update #182: IzuqUPYvaZYzvdrF6uIfdaMfwa8PGu
[2026-03-04 20:22:13.785808] Update #183: ncy
WfQZnOWDpN5lCvcqsjTBWFw7KT
[2026-03-04 20:22:17.024703] Update #184: BVebj5jXiJRFZHvB3DO8cWai
4gMbH
[2026-03-04 20:22:18.096289] Update #185: Cw1GhKA5mXWCBtSQ23Kyhexgpmcn34
[2026-03-04 20:22:19.205929] Update #186: rEiufu1B8qJfdAeZfweVE
I9vbl65q
[2026-03-04 20:22:29.972140] Update #187: KxFhe1FPo0qbk0cK1exMSrIbjxQjGU
[2026-03-04 20:22:32.088528] Update #188: 7YZz4vYW2CYFJ5X6CYjV8QsyZHWd72
[2026-03-04 20:22:36.336266] Update #189: 7EH4BvZ0ZYYbPnKSjB6dIDWjwPWn2l
[2026-03-04 20:22:37.401965] Update #190: 6ITwGfBF7N7fW4
NVfRZra
jie9s7D
[2026-03-04 20:22:42.745878] Update #191: zqm5oZmDqV9fUm1lNJ7pnWZ8tDttHq
[2026-03-04 20:22:48.085763] Update #192: q5sHtRpQ8tGlKWZDfzLOWZBDJtuwoI
[2026-03-04 20:22:50.236717] Update #193: fSJPlq7kBaaRaA2PtHB1pFsDfBx2rO
[2026-03-04 20:22:52.396921] Update #194: XjcnpzbTEzV5ggUkJZT5TeP3zgZ2Ib
[2026-03-04 20:22:53.488692] Update #195: wRanFx7
GE
KtsLik92mqCcyWcF0c1
[2026-03-04 20:22:54.597677] Update #196: uld0EkPzjZF5wgjgzRCnS1ZMsT11k2
[2026-03-04 20:22:54.597803] Update #197: RLXNRydJyvOee5bXXjNq4gXaPzLw8R
[2026-03-04 20:22:58.990558] Update #198: xYMzf3fCt7D5pU8mHsD7IsTaOmwF3q
[2026-03-04 20:23:00.277230] Update #199: NcuekFTs6YLOmnjCJ9sOq9rh8tYbMs
[2026-03-04 20:23:01.369288] Update #200: AVnTSc9fPXOLsprEMXCw5i5lSz0QUr
[2026-03-04 20:23:03.501330] Update #201: 0kNOUcyxCy
n4amR1oeGHVrMAcyFRS
[2026-03-04 20:23:06.807161] Update #202: FDg6xWccsO7Db4dqW4Uo5rkNR
70pW
[2026-03-04 20:23:08.950011] Update #203: yMnuiftchm6ahoaN0x3DQ
nGcbiSFE
[2026-03-04 20:23:12.175935] Update #204: LcFdZyLuWgFCcXbylxp
Fg9NKZdu8z
[2026-03-04 20:23:12.176793] Update #205: cCJDzGrAsWr
K0huDD98I3ZwCgCFtm
[2026-03-04 20:23:13.248189] Update #206: jWL3T13epRRR6HdMxwe0VU9r2lSe1z
[2026-03-04 20:23:14.334716] Update #207: Qe6WpBM18K7LSo4Gz3eGvftePNFPkG
[2026-03-04 20:23:16.468516] Update #208: xs2il2kVwsJ9d6NHkfQTCsxPXgt7HH
[2026-03-04 20:23:18.586230] Update #209: 8Uth1QRevNuvR1gexUM5ZIo8Txl1k7
[2026-03-04 20:23:28.220245] Update #210: TkHSiYSdNnjGOg2h9CleGsG95MQ7GS
[2026-03-04 20:23:35.675434] Update #211: Lg72LJMl70LWlS
FKXF56flVBeTqAZ
[2026-03-04 20:23:37.833970] Update #212: Kqkw4u4VjEfrnskMv
VAPoBoRsthH3
[2026-03-04 20:23:38.920079] Update #213: PShz0ST7IXL95oBDOsuZ82UPEyy9DW
[2026-03-04 20:23:38.920292] Update #214: NpEUAzMVEbZW70EZRyBx
2eYNnmXZk
[2026-03-04 20:23:42.151931] Update #215: d93gN185KvrCcdzfFVFYVp9X24piq0
[2026-03-04 20:23:50.899560] Update #216: tMiNcWioOMs9qavPjUugSZg03gVwpj
[2026-03-04 20:23:51.962083] Update #217: uzy7bpW6s2eWuDOTqb4FUEm4HILBPW
[2026-03-04 20:23:58.711992] Update #218: vZJI97G4a2nwVhjfge9ymKA9Xf2RRM
[2026-03-04 20:24:00.855541] Update #219: AgbXH1VwwsZTnin5QLTAk5j
hsAZi4
[2026-03-04 20:24:01.904998] Update #220: L
01qPF3545UwxH5
9YIuFJIkIqD6e
[2026-03-04 20:24:02.977392] Update #221: 7bDlwHQIp9ggsuFgv9ndepR0
UNku3
[2026-03-04 20:24:08.382700] Update #222: GJyblUKbiQYBOPDQ
uUc70PF5Ynur2
[2026-03-04 20:24:09.434106] Update #223: KIMu
6Q3NDMTejw587ksZA2IYTejxl
[2026-03-04 20:24:12.714974] Update #224: 9UGNQkAOVwI0xnLOp5tXq6i8DojpWR
[2026-03-04 20:24:16.053722] Update #225: znTGp4SlehJy4otVHRPRjAMp39OIgS
[2026-03-04 20:24:20.378546] Update #226: fTVaZr8VnIJ68iq
ChHrBld2YLHdrn
[2026-03-04 20:24:21.468830] Update #227: wTeRqQxkYT7vV8iW3Q9HANGX2oS
8H
[2026-03-04 20:24:23.615496] Update #228: 0sxsH7jEzGm0OrfCrQZlpBRWoci307
[2026-03-04 20:24:23.617379] Update #229: h6dtZLLW7QUdfHoOntN
WJqgG
rQ1C
[2026-03-04 20:24:30.058127] Update #230: yowrC7qy0
iNtkkRUL8MqViUhx44wZ
[2026-03-04 20:24:30.059014] Update #231: e5Viw7absrMPUTd2MZexYYf456dqJH
[2026-03-04 20:24:35.483893] Update #232: z03Ibr7Tk8qRRR7KL37P6SXAchLqlA
[2026-03-04 20:24:36.561466] Update #233: z6FfmPXAhDCAhUujQ2c4MlNAwVIi1V
[2026-03-04 20:24:38.682812] Update #234: 
wCavk
vQKxuLWUucqob2GPUXSqsKW
[2026-03-04 20:24:39.777588] Update #235: 4
XXdSJYPUwQOexOHq424jhyqVtUzM
[2026-03-04 20:24:40.885467] Update #236: 9V
JElLZe83ysdq6X6nZmnqjenztLH
[2026-03-04 20:24:47.433755] Update #237: 4k8GNMW5TN5HsXggLmdz4rM75SsHYN
[2026-03-04 20:24:49.107356] Update #238: jEF7CqKrGRsCCO7j5nuv4ohYePKg7X
[2026-03-04 20:24:49.107644] Update #239: S8k8bHhFqbsmtGZbTOgBX7zQG5P
Ih
[2026-03-04 20:24:56.694606] Update #240: TfDczJXif0hfYOmjHC68X7HsIzRS33
[2026-03-04 20:25:00.963614] Update #241: Vwpv55597JC1uniu8vR7Pm4fRtAkTl
[2026-03-04 20:25:04.175276] Update #242: oN5J6Z4WNgwBZzO0lYh63BdZfZw5Bs
[2026-03-04 20:25:04.176257] Update #243: W5Yjad0H9m9UqVrQcpsa9TjTE8a
i0
[2026-03-04 20:25:06.359466] Update #244: uaxP9j0CFiEt5LjtVi2vrbbViSbKTq
[2026-03-04 20:25:09.575754] Update #245: sfiJ6IYVHaDixd9vKFLXsSjSvaiQJ9
[2026-03-04 20:25:18.163180] Update #246: XB588SkbpNKvqq17VlEKgWWcj
MzB2
[2026-03-04 20:25:21.348410] Update #247: LVDitOos6DPcQPzcufqEMwhJnUkfYV
[2026-03-04 20:25:22.396190] Update #248: 04O28PryfBkI2XeZGcrvlpXPVmvcjj
[2026-03-04 20:25:26.656559] Update #249: 6Xjx3PvN3DbaLjo2fyUrnd4GcOiJP9
[2026-03-04 20:25:27.731648] Update #250: fEETtQPF
ZgJdlCN9hc13KjR114GsO
[2026-03-04 20:25:29.865280] Update #251: bQc
zR2h2PDDJDMkwgKvz7JiSNxbh8
[2026-03-04 20:25:33.103201] Update #252: Gb2MQQAlSAIDzTDeEH56OdA1xNNlOH
[2026-03-04 20:25:35.288079] Update #253: LJf9VKirLI5
nT
GW6ezBQtQhMoL3o
[2026-03-04 20:25:36.365959] Update #254: XV49Hg4ZAppl9VSVIZlocqgKoVIOSA
[2026-03-04 20:25:48.367367] Update #255: snGIiZakC3If8V7ZoY5Jys8OICSPIN
[2026-03-04 20:25:51.559523] Update #256: di8VtFVIHKGrAA4BxSNHuPYoASj
OV
[2026-03-04 20:25:52.658198] Update #257: SsyXP6o3vbCiaLu1435hY
GPYsOAIM
[2026-03-04 20:25:55.870567] Update #258: 74IXxNhQpQg5TLwoTVRw1150ug57Pg
[2026-03-04 20:25:59.146824] Update #259: kCRYwXJyTpTFcJ4IBKQIWGAZQFOBlO
[2026-03-04 20:26:00.225109] Update #260: sztT5i6ScfKJEPwdKzOi2RzHsJW4Oz
[2026-03-04 20:26:06.678447] Update #261: GIMypaF3CiAry4njIzATcbiZ7NPXZf
[2026-03-04 20:26:06.679219] Update #262: MNaAjY6AEdbpTQ91Z
yrooyQVgT3AO
[2026-03-04 20:26:08.815270] Update #263: XYTlS2uVmMrjr3NRD37vb8y2j74tr7
[2026-03-04 20:26:18.525319] Update #264: YXJnYiL7BJIiEBduavlOGqgNMeC58p
[2026-03-04 20:26:18.525911] Update #265: Px
v8jHXQuBPiZcMJJzNL2Gu2KB1cZ
[2026-03-04 20:26:22.825083] Update #266: blAT34tsagBJyAoGElSlP
muqDVVD0
[2026-03-04 20:26:32.427295] Update #267: AY1xARee0iAz8nU5Zdaovp0D1b4fpD
[2026-03-04 20:26:33.523607] Update #268: TJPHodkl7XmvEI5U3TmptikFY7tZXO
[2026-03-04 20:26:34.604593] Update #269: zOwUIkjBiNXMq85rYcVSEe2GR1PqEw
[2026-03-04 20:26:41.378328] Update #270: KeJGs48ctR2j
emVdFLOXRISviHq1D
[2026-03-04 20:26:41.379605] Update #271: CstZ
P5nxXPmfJor
90qUB6TwXV1kN
[2026-03-04 20:26:46.757969] Update #272: Xajm2VVFlUERmlhEOn6DpxE4r6JxVi
[2026-03-04 20:26:50.013198] Update #273: LbDk1eQCMm5ueViym5WJuT9h4pmas1
[2026-03-04 20:26:50.013667] Update #274: tarwCFtu9Nr6PPycmm86yjLmGIIMNY
[2026-03-04 20:26:56.503092] Update #275: 8ZvWiG5XFXz0GLYabuA4MmxnNutbB5
[2026-03-04 20:26:57.581535] Update #276: EnB5ReHH14tpoBL642VJ2G1WcoJtC4
[2026-03-04 20:27:01.830061] Update #277: fdaOpuVciH1akYa4WFE8h4hg54TUQm
[2026-03-04 20:27:02.923121] Update #278: zmG5qYUw4E
VMgu8sg2qCsKtw4PFkx
[2026-03-04 20:27:04.010826] Update #279: AvkQ4NSWFmLOEsmGNqbqT9kHCqcfXX
[2026-03-04 20:27:05.078477] Update #280: LTehSIeIkuWAQbPz1Y5sXcoCiMaQVI
[2026-03-04 20:27:09.401253] Update #281: Q8ZHeHj5NEy82opaiNL
o9FIDOVJ9b
[2026-03-04 20:27:09.401603] Update #282: F5oOtWG8
81GsK1HNZjbx29tP91o6l
[2026-03-04 20:27:10.491550] Update #283: s
nAS9BoQoCKu4zDmBPsGSpzzJRBsj
[2026-03-04 20:27:11.577785] Update #284: Ua3lVDh51rvSq2KVue0rQ4pKerQuMd
[2026-03-04 20:27:13.722074] Update #285: Pladqv9nnk7u
pg6i11CxPXmioYK1X
[2026-03-04 20:27:14.809277] Update #286: 9g4JsW2A1SXfN8FMAY7XjKGGnV5h0X
[2026-03-04 20:27:18.022886] Update #287: 6DBBEU7KRfEkjI2GLYKMx665XqbCbt
[2026-03-04 20:27:18.023527] Update #288: YpEeAvIPIVceVdqGC
F0ORIKfF1r5c
[2026-03-04 20:27:19.094159] Update #289: jSzL4n7P7ll1dUBPkm1
yzzXKOm2Wm
[2026-03-04 20:27:19.094655] Update #290: T2g5oHda98bN2HeNOzAgu43q6koF0X
[2026-03-04 20:27:20.185585] Update #291: 3Op4Pnp5
ZNDrsw3L6rd1EbDpPUrF8
[2026-03-04 20:27:21.271966] Update #292: qC75h0ZxMwrVkByCEvu5
OLHhjTaVm
[2026-03-04 20:27:23.409774] Update #293: x1N0LoXgn3VRT5OJcbJp7RPZD1rzQl
[2026-03-04 20:27:24.489971] Update #294: yFftNqCSqxkHvOmvI6jS4P9VeO63pB
[2026-03-04 20:27:27.694713] Update #295: APovrVfkjqJZGjhVZHG66HIFc2lcXT
[2026-03-04 20:27:28.791038] Update #296: p26xBlaRRwXP2PouDoePrOl4tl1a0D
[2026-03-04 20:27:28.792020] Update #297: EHNEMB
666ylITGILTjnJCUiD9kNNt
[2026-03-04 20:27:37.391000] Update #298: w
q6fxmjDhnfzZ95811eMU22k7gQM1
[2026-03-04 20:27:38.460404] Update #299: l7Biwp8lufpSchcb2ocwCtd7TmCzVd
[2026-03-04 20:27:41.655401] Update #300: 5h6VGm0dfJg6SU9hyV2157RCvtmGzH
[2026-03-04 20:27:41.655712] Update #301: NloQs7
Bi8FOPK7Bj66hY99SstX6ij
[2026-03-04 20:27:42.739561] Update #302: e7FgnfCqnTjvYk9UKEyBZ4EHPLY44B
[2026-03-04 20:27:42.740116] Update #303: LrG7MtVTz7qdTx7VEa8FL2fsea13mu
[2026-03-04 20:27:48.121724] Update #304: EAeJ7
Kom94SaPd93cXdkIkNSx0yoq
[2026-03-04 20:27:49.208075] Update #305: 41yPoHEsiNRbSCTXu3jpTcAXj8Hses
[2026-03-04 20:27:50.276001] Update #306: mKgJ8Pft2g6ehFKnahTGsPi2qeMhyf
[2026-03-04 20:27:54.587925] Update #307: S5x8fkm7qQKA8O3r89sMAx8EGT
VAY
[2026-03-04 20:27:55.660024] Update #308: xS3UoX1rqbbZz53pLgrtbf5ErDQTFT
[2026-03-04 20:27:56.741074] Update #309: vPydIWI0V
t4dCCJk5H816S1vJeQli
[2026-03-04 20:27:59.942816] Update #310: 9gGp8tGPttU82nHarlRww43tdMirqZ
[2026-03-04 20:28:04.225554] Update #311: qBMr
08puQDGE7KgF3FYAZ6CHREyOo
[2026-03-04 20:28:07.437299] Update #312: ztDOE2Lx0EEGu4rg5A17kc9Xnlkx5R
[2026-03-04 20:28:09.607539] Update #313: UFu5F7lql1hAwRD25hnN1DQdZ3Fbdf
[2026-03-04 20:28:18.160559] Update #314: WhImX0985Q0eSwl3oCCIp5u1Kvg3He
[2026-03-04 20:28:19.236882] Update #315: tWjAp
4PJt
6MQ1ziiY2Zi02xU131W
[2026-03-04 20:28:26.147521] Update #316: cvvau0WgiYxjsUNqTlLvUwqlMx1sF4
[2026-03-04 20:28:28.297650] Update #317: RkJJP8eioF72Di4RTWoiAnPfm2ZpPN
[2026-03-04 20:28:29.357915] Update #318: pqZbcEfsf97QC2w
DWy6qTa6qHmrUp
[2026-03-04 20:28:30.453279] Update #319: k5vgafFbr6lqaOPj0ceYL7B2KLBLd1
[2026-03-04 20:28:31.542666] Update #320: tIDeMk97c1ian0zrA38Geuu1gCVS3r
[2026-03-04 20:28:36.908535] Update #321: mBS4w2YWWj7EFav7wkLFKv5o07UsMg
[2026-03-04 20:28:37.968006] Update #322: FV
2fRvaiPzNXYGTDcsPi1NU9QA1Lg
[2026-03-04 20:28:44.377118] Update #323: Opk5jwi8LCMETdzclvK9Nqwsf3NxF0
[2026-03-04 20:28:51.906388] Update #324: bi18mqCq1s123t2oZQB5DCuDfUQGKG
[2026-03-04 20:28:56.165904] Update #325: qcvbUvbcljPyxCLp2AfVQ4DoC6wisD
[2026-03-04 20:29:00.473406] Update #326: 3u2IREh9VD0S81TKG9gn1wcCQqmQAC
[2026-03-04 20:29:01.545308] Update #327: pOYLIJPTod3NNT6yVLDoC0jq5w3fBF
[2026-03-04 20:29:02.676106] Update #328: 4qz3K0rJmfM51avgspOmYtMHCBtjXM
[2026-03-04 20:29:02.679516] Update #329: aDdndIgqXWRCcg2GoWq5ZlqO20i4rI
[2026-03-04 20:29:03.855716] Update #330: ZDJMyvJiUCIgVqJWE069vvPe80l3eZ
[2026-03-04 20:29:04.942332] Update #331: dP3E4efjSMRITvzZfSVDRuc0BA54xl
[2026-03-04 20:29:06.022602] Update #332: 3XiXuK1Ae
eHXkSTIv0VSEb5ubjsVp
[2026-03-04 20:29:07.075359] Update #333: E6VPP2QkdU4xFY1IjeDOh5o4cI9xNJ
[2026-03-04 20:29:08.156058] Update #334: hrTUueb3gg25fzjIXCI2TipBt9lwGu
[2026-03-04 20:34:36.426560] Update #335: iIZEitsLIEZw6P0fPUeWqVXX7PjYtA
[2026-03-04 20:34:37.522013] Update #336: 4FutxYis3DOMZbekoDDuNkN74npSoc
[2026-03-04 20:34:38.582788] Update #337: RWhEqEhM4mC1Ck9m7XDidcVuWGBByb
[2026-03-04 20:34:40.735321] Update #338: 27VAWB
6HT4Y3N2aC2JmWEXlAHRxo3
[2026-03-04 20:34:48.798644] Update #339: M3fkogtnbPxPBaqPsvCBm78xTpUP19
[2026-03-04 20:34:49.879307] Update #340: YUp9nriBq9P9Oc
jXLXTT
qETBcCVA
[2026-03-04 20:34:52.010047] Update #341: liLfQDiTRyN3oZXQ4J7iawWrc8OrPd
[2026-03-04 20:35:01.691986] Update #342: KG2EvtYhPyfBted75V8m20zj2vTYUm
[2026-03-04 20:35:02.805717] Update #343: 78TF8SS6uItocHl7ObrO31RtwIyMVr
[2026-03-04 20:35:07.168817] Update #344: JuXG6J0FwU2CyUWICjbJ3vv93FSHgD
[2026-03-04 20:35:13.666585] Update #345: pVIle56tJqPHUkZpKJf1kTZpcyOePK
[2026-03-04 20:35:19.031340] Update #346: UgQcQflWp1xBQGM5xbCvT9fRf0PGeP
[2026-03-04 20:35:20.140691] Update #347: AH2XnFeZibSXdaLnRf
A
bzlJDHyFV
[2026-03-04 20:35:22.325938] Update #348: 7t0q
z8yrUCft8fLKGy70meK28ovRN
[2026-03-04 20:35:27.829705] Update #349: Y70uTM17Yw6cBhZVoo2Sv
aEB9jPe

[2026-03-04 20:35:28.979101] Update #350: Hu6p8Hmh1b
mNHvGXgGyASWOfxXAY8
[2026-03-04 20:35:28.980131] Update #351: 
we2XWOUj
3MwviEIHQ0hGVI0bRrNs
[2026-03-04 20:35:31.145029] Update #352: DRE7jlC9U3B76sOUBySqEuXdIJ1jOf
[2026-03-04 20:35:34.419616] Update #353: SN4iGDfBvV7ALxEug
Ku1h4jviHXON
[2026-03-04 20:35:40.869901] Update #354: 9QF1WbT3654Zov9FOEZsno7FFgn6eE
[2026-03-04 20:35:44.258565] Update #355: A7OYg3xPmCCcZzioIKFDOrwlfcQert
[2026-03-04 20:35:46.478822] Update #356: NKktxhetPA2DhL
0M2rnDd1dlCaN7k
[2026-03-04 20:35:46.479660] Update #357: Hew1V5BMslxYiGcb6d35mFIRxdW3u5
[2026-03-04 20:35:46.480401] Update #358: 3eJV7bdtap05TYuKPTGupEKq9NNWOB
[2026-03-12 22:56:37.756010] Update #359: KNcKqFgLLUXLV0NPU3eQRAgDcpfJUq
[2026-03-12 22:56:38.841950] Update #360: vEddQw2O9bXQGoQFh8Ac7bea7WyCcQ
[2026-03-12 22:56:39.926409] Update #361: rg
Wk56TA0xLSLhFyWfuyzK
XlNfFO
[2026-03-12 22:56:46.401461] Update #362: MiEP0lAsy0vbQubiyZctwR18YaNL4o
[2026-03-12 22:56:46.402811] Update #363: 3cl6U9KyyZft66PmFyyWo55F78GkMo
[2026-03-12 22:56:48.561568] Update #364: AI8Bq1w6ryuCsnrZdsDJwoacpi1dBA
[2026-03-12 22:56:50.718259] Update #365: f31iyZzndjoAEb7SMZApYa2UETrr6y
[2026-03-12 22:56:51.783628] Update #366: dtI3WwODs1QPSm4WQxfHY8vWdTMjy7
[2026-03-12 22:56:52.877329] Update #367: v4gD8iSz0L5vuQAoVm
VGLcxTUxwR2
[2026-03-12 22:56:53.960108] Update #368: x0y42zawfyOqBnwD8ZV75qbzCmhtLa
[2026-03-12 22:56:55.028580] Update #369: eUDhjGE
3rtDcTWpEN9QPYkCV86212
[2026-03-12 22:56:56.098124] Update #370: ViDkWsT1HosPI5KrnuqqTSKZK9xOmN
[2026-03-12 22:56:58.248917] Update #371: GiBXfuBE9rHUmkDIQPlT3lAQMJ2llo
[2026-03-12 22:56:58.250372] Update #372: OfVrsY7M59pYEJvUcOpebijINAR0JW
[2026-03-12 22:56:59.349535] Update #373: 0maONFGx2uiqqSIZ2b2tICjeo5ZZAG
[2026-03-12 22:57:02.577899] Update #374: bdkRj8CnwfrRIVW9JGajRgF5p5BZRd
[2026-03-12 22:57:04.726879] Update #375: kL8vc7dk0ohIQcWfie4
ngQ0DQ3zFM
[2026-03-12 22:57:07.960959] Update #376: mMTSYr82dDR23PYzlI8T1CnWhFd6yz
[2026-03-12 22:57:07.962088] Update #377: VVPPcOu4TOI1GXwc4VrRFXnyqTg94i
[2026-03-12 22:57:07.962683] Update #378: LFZo17I1yseUHs2H16B
zCjNGJtcbg
[2026-03-12 22:57:10.122893] Update #379: 5UUqvYQCGoe3JsYWZLvRHmlVVBhmuO
[2026-03-12 22:57:13.351809] Update #380: ysZMZvMAL0DLIgj0EdX17rp1f1CM48
[2026-03-12 22:57:14.436317] Update #381: fPh5scXwgDfHBrj1hbs0UmVz1SMADG
[2026-03-12 22:57:18.511769] Update #382: 4gTfap9ep925b8OiR10N96JMail1Nd
[2026-03-12 22:57:18.513170] Update #383: 12lprQhuH8vKmfe1umvfkZZEl5uNBy
[2026-03-12 22:57:20.675452] Update #384: k75BBnV2FbVIDSXtrz8lfA8wUaMiSI
[2026-03-12 22:57:20.675926] Update #385: 9EJgY7OUa9kW548FGlnwMVj6XH4l2B
[2026-03-12 22:57:22.815957] Update #386: PU10vA8TXvXj0nDuKy7oy2dQRTXnvW
[2026-03-12 22:57:28.217384] Update #387: Lvf00o4fxREtt2868reBoH3bC8L2QV
[2026-03-12 22:57:30.352643] Update #388: 1r9AWuolpYaAH2
w2R2Xss1eXNNnWH
[2026-03-12 22:57:35.780089] Update #389: uZKSkD8MZJHb8uvUL56w2EMmdi6IVP
[2026-03-12 22:57:39.021575] Update #390: a8ifk8q4ODGb6
qZhlboe7j90Hkw
Q
[2026-03-12 22:57:43.358702] Update #391: QjG9cjchGKzcGcb44bfY5XrUAE1A0k
[2026-03-12 22:57:46.603160] Update #392: zQ64tFCV
m2l4Re6Tr1Ku
s4uXWjHi
[2026-03-12 22:57:48.777131] Update #393: 0RCFjw9C5VnkdkK6WnwCQWsbu8sWf7
[2026-03-12 22:57:50.939303] Update #394: KhwET21LaXGNwjRSDgOt6kGBeyF8Nd
[2026-03-12 22:57:56.321692] Update #395: au9boUszebxsJjIYlRhdgAom0gfj8X
[2026-03-12 22:58:01.696044] Update #396: z7GWJ54K7psxDanKTFzO6HH3tdQyy3
[2026-03-12 22:58:01.697460] Update #397: 7GKJsMHpfYjZnRfG26H
xiD6DHKNlm
[2026-03-12 22:58:01.698118] Update #398: SJtd7RN6whev4O4pNuWEvCBTew5g4X
[2026-03-12 22:58:06.029572] Update #399: 1kz654gA1lIzprjlvn03hVsUdWUYPU
[2026-03-12 22:58:07.121996] Update #400: FZJkey5tiPtRnDKJJrcRQqxUzMnt7M
[2026-03-12 22:58:12.933266] Update #401: jKFeuNcp3StmMF
XnU5Wf10hRKYFbH
[2026-03-12 22:58:16.164119] Update #402: 3VBn2yvTQgc6DCUaMh9KzkLgIuf4ht
[2026-03-12 22:58:18.325078] Update #403: 7wnz3Mdjk1mJEZePZwYIlyg2ToufgE
[2026-03-12 22:58:18.325497] Update #404: ony4yUaHJ8kGKgeYDsGSzsIspy5lwU
[2026-03-12 22:58:20.505529] Update #405: 2d5dbsBiz20Ev76HX11P3KogPkzpeA
[2026-03-12 22:58:26.994103] Update #406: 8bQjhOwaVZd5KgT0BPx66vwRCoOIe7
[2026-03-12 22:58:28.084902] Update #407: MxSD5J14ebge0WdyuQxFOrtR9g2RRY
[2026-03-12 22:58:30.235799] Update #408: EQS6oswpTncFF3aNM3AFN9OUMkYAGU
[2026-03-12 22:58:31.315345] Update #409: k7SpbAsWx82LJ1eipJngtX8FeR7vIY
[2026-03-12 22:58:33.475109] Update #410: MtBVIUcj5axVhxQzBf8rDVxst4kJP

[2026-03-12 22:58:35.650522] Update #411: 2ictXvZ6u9y1Op8T0ekk2lABuVAgmM
[2026-03-12 22:58:41.020219] Update #412: EiCqfXiBz56p1zwYTqhyh1AQN
eGdw
[2026-03-12 22:58:46.375210] Update #413: GZe9W
bB73fXUAUkjw4pPKgg3rd1TR
[2026-03-12 22:58:49.618888] Update #414: nWb6MWed0xjCRKqXQiKR6v1sBQUB79
[2026-03-12 22:58:52.893967] Update #415: mCE5oTKxJPobJPta8mKkkSMgk1xysC
[2026-03-12 22:58:53.975445] Update #416: GXiZgJNiu
xBy2
2NCSbFrNnuighgL
[2026-03-12 22:59:23.007749] Update #417: 1mG1yVBDHFEOEmjaOWFJEuMhMx65LL
[2026-03-12 22:59:27.330866] Update #418: aJSDQzpPzFYAZn
QcxgK
pcmVxak0P
[2026-03-12 22:59:31.226556] Update #419: xwxB9kmV7YN9TKZqB0JFc5hLjapHHX
[2026-03-12 22:59:36.668252] Update #420: 2tRsN
Ca47XgKxDDqfGEThgcwSToyr
[2026-03-12 22:59:42.063127] Update #421: u6F53
CUJ1Iankz85cg1gEcEOtt6va
[2026-03-12 22:59:45.334539] Update #422: UktRCrSKrnfnhqgsqDxRPEq5YWEKeK
[2026-03-12 22:59:46.432279] Update #423: bmU8lBruB2ojGTOD5v4bcT3FgZEgY0
[2026-03-12 22:59:49.692606] Update #424: vXgBMEy55TEk35LxH8xRLxGQhM0KxY
[2026-03-12 22:59:51.853626] Update #425: 9xgQG3w5dscPsspUrZZgM918IQJW0M
[2026-03-12 22:59:51.855468] Update #426: kzivRgS86M3z2Vs3
h5vpaA1pQ5EeJ
[2026-03-12 22:59:52.951543] Update #427: Q7XOvW1Isyc0Id1NLoNdCBoiLhAqXm
[2026-03-12 22:59:54.037875] Update #428: QOHlKWI3pTXDvtTstezBNZrGipxvnV
[2026-03-12 22:59:57.254554] Update #429: leqGnveR6Ouq6pM13MB10S5EOB1qDZ
[2026-03-12 22:59:58.350491] Update #430: 9XyJaeZ9nVMBMfqMWl3rE6tID0GiS1
[2026-03-12 23:00:02.681134] Update #431: WHKTSvPPCTBU91PS
V9ZiOk4bfAsuG
[2026-03-12 23:00:04.799060] Update #432: OornXTBpnAm7XC7NEoXNdfLFW2zvkc
[2026-03-12 23:00:05.888423] Update #433: 6gWgnpALBB
knGOJF6COsTjogKqDbN
[2026-03-12 23:00:21.469368] Update #434: KHxAecESislTK5xugbfbpCeMMTLWAu
[2026-03-12 23:00:26.885812] Update #435: YuuhjjMUPmXK9VdkGPYeMZifqnJSUa
[2026-03-12 23:00:30.131627] Update #436: beABVh46p9gbUb37UZqKHP
U0lRxmN
[2026-03-12 23:00:30.133067] Update #437: 2NowAVVPuS
sVYIc56Fuj5EqTLXTGG
[2026-03-12 23:00:35.066913] Update #438: 9GU8eBfIRPMD2BDUji8P4bRpodhUG0
[2026-03-12 23:00:36.153631] Update #439: AHQkY5RmGkSQ0by8rZLvlqJ8cXVieS
[2026-03-12 23:00:38.312951] Update #440: lsShzBhsu5ccKryJZ8qqZFnDr1n2LR
[2026-03-12 23:00:38.314899] Update #441: wAndCa8rn5brHCoB
Br54Nc0liDMgq
[2026-03-12 23:00:39.409188] Update #442: E6i
OFs5VItm2wwpCJin7MzprOmxFL
[2026-03-12 23:00:41.602053] Update #443: XrMrtw7sHkpoakiIDh5wNh
KsmmCnD
[2026-03-12 23:00:49.181806] Update #444: pVP53unUnu1V0mBn8wtsCVoVyqG21H
[2026-03-12 23:00:50.280196] Update #445: SPafhipy7Phj07eONgA4lLzSlbBUfz
[2026-03-12 23:00:50.282551] Update #446: qXBc8iB7azcjDalsIFWThe9iUThkHk
[2026-03-12 23:00:51.381313] Update #447: jTFRK72bZkpARoZ1W9rnWygsQ7cULm
[2026-03-12 23:00:54.643684] Update #448: IyMOfCUlTntFOWg
xHgrz9dDt2LeeX
[2026-03-12 23:00:55.732074] Update #449: 4MMX4KSSVikYwBP9
Qj7S8XDxBD9Yq
[2026-03-12 23:02:23.352483] Update #450: IsZefoCwYQHuVqXvBamgh0RvKDlF8

[2026-03-12 23:02:26.571686] Update #451: u32fvS3ZKYL2l5CG1oWsDZnigqhfEZ
[2026-03-12 23:02:26.572887] Update #452: AlAlvBGLih03WXfnmURJ3lwH
NjLb5
[2026-03-12 23:13:25.954456] Update #453: 37ZI2JJpJuV9kYcD7XAzBxUAOxdYap
[2026-03-12 23:13:28.105391] Update #454: M5trIlY9SJmdoDhqLmuK1CqdhWlkzG
[2026-03-12 23:14:01.788865] Update #455: ZdV7UAehbbXXwKjCNTGMOxEAkUnUkg
[2026-03-12 23:14:01.792359] Update #456: 1HcyU
FcrQMod594M
L6yRKAkPQFrS
[2026-03-12 23:14:03.944340] Update #457: lwD1VjVy2ZN2QZYNghjMI0ARR7e
2N
[2026-03-12 23:14:06.141514] Update #458: ULWEeMtByvfV0CpGS2VI5oCQKdHESh
[2026-03-12 23:31:28.748640] Update #459: HTwX159
Pta6NLaDNzDkV4sbACEGoA
[2026-03-12 23:47:43.916303] Update #460: 2sOucpzx5tmS7SPOzD6md51qAe9FmP
[2026-03-12 23:47:56.886785] Update #461: 08ngVfViusAkWNh5JKndpkVvjYao2E
[2026-03-12 23:47:56.888124] Update #462: cd
HuZ0wlM548FMdfmxWxNohKuD20f
[2026-03-12 23:48:04.530416] Update #463: 
NBjRz7x8GGxf8u7CwmKQSgirgUWrU
[2026-03-12 23:48:09.985805] Update #464: jYanvhRQXdkwC5V3mkoFXpjlX0qfyX
[2026-03-12 23:48:11.071103] Update #465: 5mO1WbO6CU9eBTXFoSpjhxiNceI4Qn
[2026-03-12 23:48:14.315745] Update #466: Iw
eLVbeQtNJNPPR9IebJiPsGGYl3B
[2026-03-12 23:48:16.486198] Update #467: Y7y
rIvZI8V1QM6n9JHOc2gCBPavnd
[2026-03-12 23:48:17.583394] Update #468: EBOHKLyHvgQGSVicOknhzwzLChmdI8
[2026-03-12 23:48:20.842360] Update #469: e097dn5JVrYF9bYcENRjWJ
6r3JCxk
[2026-03-12 23:48:21.939546] Update #470: 1l
M3RyH
7R9pP
xqyUqjbruZjEfc

[2026-03-12 23:48:24.119881] Update #471: YN4s5n34kXuKA8DfP5QLzYoAzoXbEk
[2026-03-12 23:48:26.288856] Update #472: bN6KsW2xvVfaKKLgiwIum2KgGSvs6a
[2026-03-12 23:48:37.091490] Update #473: OWzLJoA4t93YwEqxxE87o779Dt9tw9
[2026-03-12 23:48:51.017984] Update #474: ruZt1T
xN7TeTCiQEGS0zc6W4Me92c
[2026-03-12 23:48:53.146042] Update #475: xu5g4CILXHvv4FyEqb4sxGrNpaW4pi
[2026-03-12 23:48:55.320820] Update #476: SPqxDvY
LaMbdnsQCJlYBHkPGpXZLr
[2026-03-12 23:48:56.416133] Update #477: EyxieC2iCS0BGOgRXqjXuX5qBe1Pd4
[2026-03-12 23:48:58.548301] Update #478: oSo8
HyLPPvAEvDHeQnbiiWHi5c8Mf
[2026-03-12 23:49:05.028738] Update #479: inWYvXgZGEQzgFvgj4kX94LCJ7nnbL
[2026-03-12 23:49:08.306127] Update #480: veA0vKmD6ySHboGIkxqHgIBlqfb
T6
[2026-03-12 23:49:08.307509] Update #481: 1UPY
GFp2k3pFoMAGot
NRD2k9By4s
[2026-03-12 23:49:12.662678] Update #482: l5uOy7Te03EBnuam8Vwy01AQTAhAEd
[2026-03-12 23:49:21.346691] Update #483: ZSHISJwRIiHeFEWxYtQafwVDGYAPSY
[2026-03-12 23:49:23.495319] Update #484: Wow4AcdoM2YM3MeOc1JLu3qOxnXPlC
[2026-03-12 23:49:26.713743] Update #485: HLFhu19dF9FwKW
9wtm86FORgnHz0l
[2026-03-12 23:49:27.801692] Update #486: ZoHBJtpp2uto08EpXVFWeMAkySMmKb
[2026-03-12 23:49:28.897576] Update #487: jC60s43sgbDAtnQ9a2h2TYck30nfop
[2026-03-12 23:49:36.499523] Update #488: DRElqMuP5k1cQyZBVPZ76F9UkaNgLD
[2026-03-12 23:49:45.091536] Update #489: 
daJzt4zDJWYFUvl1HdRQWuKFQL0
G
[2026-03-12 23:49:51.578924] Update #490: qjXenQYbJogfG0pCP1WNE4lllxWLv8
[2026-03-12 23:49:51.579264] Update #491: Hr83SrWKO5rJobxqRft2ehQuazaB
9
[2026-03-12 23:49:54.843942] Update #492: xtQ8kwAd5dTvEyUgx6llNOO4SaIBs

[2026-03-12 23:49:57.014790] Update #493: mWMxuAE4wBV9o4GOHqSdsZwjQphOPa
[2026-03-12 23:49:58.088444] Update #494: YeJ6SxWbwgiOkyGOW9WzhMtidWJsCv
[2026-03-12 23:50:00.257896] Update #495: NpupyCBJddC
YoRTH6kwVBOceAFUQN
[2026-03-12 23:50:04.593360] Update #496: 8G8FGCawWm0radCSMkYTj0CWL0P4AB
[2026-03-12 23:50:06.754057] Update #497: XYkBbWR3T1
bqKK7vPM25wyi
ZZTdt
[2026-03-12 23:50:08.922632] Update #498: fKGEDqPMYzJNsvjMFJJTHXEY8wkSw8
[2026-03-12 23:50:13.264691] Update #499: i2Z7FaA5KqFMHUpShnPjwMobySxzS3
[2026-03-12 23:50:16.531776] Update #500: GQyIkrds79C5iBAlht5CMB4SiscCrP
[2026-03-12 23:50:20.883736] Update #501: PujhLRjgBC5lBmfvUaYLWq3i8Q7isT
[2026-03-12 23:50:23.052591] Update #502: HbtQtRUU7qHhAKQ1LzuxDreMDt6GrK
[2026-03-12 23:50:25.226291] Update #503: Aqb56ucS0yraUKekZIQ3RUtYxTGKzf
[2026-03-12 23:50:26.327375] Update #504: Yx0colVxvUgyeUSMywicRrFoWs
vPE
[2026-03-12 23:50:27.411774] Update #505: j
aHPAZGM16INwoz0m9B1LLDBEDpAJ
[2026-03-12 23:50:33.989867] Update #506: uH5NbRVLkdxexTO0lrCIwgYLDxv3R7
[2026-03-12 23:50:35.054304] Update #507: AGbbbf
kYQIqkD94


Njf7398gmcX
[2026-03-12 23:50:37.214729] Update #508: h2mCUP4KKO1IiXONLIB5YqeIJGmhVq
[2026-03-12 23:50:40.467342] Update #509: 
HvVBWkpsWem0ZKpkNHc2vVWN6XAMQ
[2026-03-12 23:50:40.468004] Update #510: sdH15QB2
YLQgs6mFyR3CuTUXoAAQk
[2026-03-12 23:50:42.636746] Update #511: 2cDm2p9sWYO9hwUnfDkbjBhIyoDv7S
[2026-03-12 23:50:44.808766] Update #512: 
zrt9IXY3qKeUdnAH6a4sM2itqNW8H
[2026-03-12 23:50:47.006227] Update #513: 3tH2v2cP5fq1cYJyW9giw0rWounEjY
[2026-03-12 23:50:48.092818] Update #514: MQlrUp0mGL56fTjaN3uT1czYPRLSFb
[2026-03-12 23:50:48.094260] Update #515: lgwBSxR8qBmVJ9GuMEun0rCSyKCTnn
[2026-03-12 23:50:49.176426] Update #516: T43izSCKK
UyoZPfczyIt5rwDsUhtZ
[2026-03-12 23:50:50.251071] Update #517: WLjr26Ux0Q
CLUYNoqAQj8V
OUIM
t
[2026-03-12 23:50:56.740307] Update #518: X6UvlJ8eppqrNW77YpETuFOzAdPHzD
[2026-03-12 23:50:57.818082] Update #519: 8mB4UGpAfSLaGYI9w8ErMLJYWn3wgy
[2026-03-12 23:50:58.908160] Update #520: AFGmRTP3tDyhcU1GnuoB7tyRZWxqnL
[2026-03-12 23:51:04.334477] Update #521: YH2ettInhGmT5rcrCDkUJizpQq37DX
[2026-03-12 23:51:06.501112] Update #522: tMsj7DDgQ
FTjPMg0QGHS7Scp7o2eW
[2026-03-12 23:51:07.598781] Update #523: VyXYQozDT2E6jtG5dShzqtskPXuLoj
[2026-03-12 23:51:09.749585] Update #524: pfFlN5dseGR82vDKEGalwBhy
b1GeN
[2026-03-12 23:51:27.949696] Update #525: 6nhw0aEajPo6pP5fRWcFICMmJxEZfa
[2026-03-12 23:51:29.027406] Update #526: QVb5E1lUC77m9SjLPxqmHvQwiCdqqE
[2026-03-12 23:51:36.641106] Update #527: sIP8nwXV4
jBtyEX6AUc5hqD0Qy0O4
[2026-03-12 23:51:36.641626] Update #528: Qh42Ddy8qWQ5kUVqH6Wz8
SzlnmiWq
[2026-03-12 23:51:38.812441] Update #529: wdK7qasBCK7JkSx8mNAVANa9VuFy2N
[2026-03-12 23:51:40.988449] Update #530: odU8CR
YtNtSyGaCg5FU1YAMnEAwVl
[2026-03-12 23:51:46.439263] Update #531: oS1okfz6eERmzMcTKP2hbRsgnPk3sO
[2026-03-12 23:51:48.600204] Update #532: Dz1fa9xTBwPqnpw4FMGpZNqcgDBvpu
[2026-03-12 23:51:51.854463] Update #533: MNx3OjDIA2edo6yPd9xxwtBPmsH
zE
[2026-03-12 23:51:52.931331] Update #534: e34S7g9SZnx3dUg5ttocIXbE77FFCI
[2026-03-12 23:51:52.932515] Update #535: PrtmImEuCb9ujpZZotw8zeNbHm3eoN
[2026-03-12 23:51:57.256829] Update #536: XdSsK2gLOJcyfZpYZ5oW6COUV3Z1Es
[2026-03-12 23:52:01.568636] Update #537: XbXkVO0FkaMkNTRnPBoaQ2Ja3at9Ja
[2026-03-12 23:52:03.761322] Update #538: oI3DojsTXWwLL8oRCD5KAMfNUfONaA
[2026-03-12 23:52:05.936212] Update #539: Z
oMmH4IUtqrvCR8cHbaxOCRqJfxgc
[2026-03-12 23:52:05.937602] Update #540: 9jnFCPC67kigA3LLPiAf6ERYR2jMwk
[2026-03-12 23:52:08.107626] Update #541: HmL4vIQMMJetHs3N6

459WmifqWvV
[2026-03-12 23:52:12.452963] Update #542: 65eHFMMCUlODP2gAXmxfBhvLIJCDKR
[2026-03-12 23:55:57.165090] Update #543: Gs
iHKEvlGoCnsbgIdbCezX8Y7L9ls
[2026-03-12 23:55:59.342288] Update #544: 8rKZLoymSnlXom1DKk7
6V9DnWQlQ7
[2026-03-12 23:55:59.344322] Update #545: LR7F2LzTZBDbvcE6drEQjgYXGqmskC
[2026-03-12 23:56:04.746907] Update #546: yUoE4ZANdQuKyA61Iutgmmv
PTlOP

[2026-03-12 23:56:36.988375] Update #547: vFRmFWQFeF42Chi7aBfMBdZzT
Zryo
[2026-03-12 23:56:36.989662] Update #548: M3soIofRUyYBKeFxkb0P
1eIPdzGYD
[2026-03-12 23:57:03.921186] Update #549: EctqLmfNnrDgnT57CfvqNyvRNQ5LvH
[2026-03-12 23:57:06.151897] Update #550: 6TSoD7q1XOB36UBOsjqWSYrTKYbQ4a
[2026-03-12 23:57:09.373018] Update #551: 
fQUHdlLBSiF28aPUBfXmmxFgHYq0p
[2026-03-12 23:57:11.530183] Update #552: u7NPrw8x0zGsxD1TA1xeHUrqFPssKT
[2026-03-12 23:57:12.616233] Update #553: AUwudgECMhpJzRbG
eVvrq5Y3JMNSu
[2026-03-12 23:57:13.691052] Update #554: E6NXyTl2tMhBB7uhHuiOoDSBXNYIAP
[2026-03-12 23:57:13.691409] Update #555: 3MfwLCBAW6ZCS1ZG0iJc6mUvNLBY6Q
[2026-03-12 23:57:15.873139] Update #556: jR1R8AWoSQTKTcc8iqEyfcrbwawmvB
[2026-03-12 23:57:16.949859] Update #557: 0WDT6U5IVZNRtghiEzXxDY8VDa6U42
[2026-03-12 23:57:18.048500] Update #558: mxCXB0AAmB9Vk4g2QlHjoJALJqFxmq
[2026-03-12 23:57:18.048700] Update #559: HukQcJI
6NoMD9qtnUMhUnDc8GwVgu
[2026-03-12 23:57:21.278878] Update #560: 32iG
dRhhZdmjwLXV47FF0dgOwX2sp
[2026-03-12 23:57:27.794954] Update #561: d
62wOtSNsVPMZWjg1Mx9y62pzH50D
[2026-03-12 23:57:33.227762] Update #562: yl4gfZ
bE7H6nM7PIOXRJEPVe8mwu

[2026-03-12 23:57:38.692406] Update #563: laUcmw9tyRWWumKPH5s6yiYbguJMP9
[2026-03-12 23:57:41.950771] Update #564: WNd2EzFD9aUETr0Y7
q3QCLgc
uS3b
[2026-03-12 23:57:45.214446] Update #565: NY5ZGnPr0paqkmIuiEy6vCkaxkFTFm
[2026-03-12 23:57:47.377104] Update #566: oVAzmSCLERd76m5Cc
u
CwPQob7awA
[2026-03-12 23:57:48.479636] Update #567: BPlfymJDDc1O7jgxNpWfR6DpsZzafy
[2026-03-12 23:57:50.661110] Update #568: 3bVgnAX9rIikYrogXiYjslujDGSZPx
[2026-03-13 00:12:50.183315] Update #569: fo9knhfdb9dkSwOR5F4DAW1SzBM6rH
[2026-03-13 00:12:52.349558] Update #570: 0CxgQFRPD1Lzn
tYUzkfrz703VXYuv
[2026-03-13 00:54:01.315062] Update #571: SU9a4ofWZ
w0PUzXSvfPggBcbki854
[2026-03-13 00:54:02.411419] Update #572: HdEu9l8DSs2wwJxS9kUXQNve8pJaZ7
[2026-03-13 00:54:12.194042] Update #573: LLBWJbK95RQTW1
1ttDSLZ2H1affM8
[2026-03-13 00:54:13.275602] Update #574: ersvwbTY
kHugujO7LDFGigvPGtxRm
[2026-03-13 00:54:14.349864] Update #575: 9MWrG6
MjSTtzKHg9Mq90zRgap15mk
[2026-03-13 00:54:15.453032] Update #576: rJDxxd
9NyUL8e8IJs5SK78d6Ua8gh
[2026-03-13 00:54:18.728394] Update #577: v0JtW9O9YyCZpgyyptlBlzLP6bq70J
[2026-03-13 00:54:22.003302] Update #578: QuQ1LQ0AOXsRAeNsIdJkLv20ZYA0tj
[2026-03-13 00:54:26.340363] Update #579: o47ZABv1HwxuLDPB2IvAa7rQ4TFH4J
[2026-03-13 00:54:28.534086] Update #580: Yy7BIvTXP9xe33yIhW7cZX
QVdZUrT
[2026-03-13 00:54:35.087601] Update #581: 2RTKcva
uS5Ou06nILqciCegTjCq9R
[2026-03-13 00:54:36.186117] Update #582: XC36Ije
mXssxfygFu60fpmiPmFUaJ
[2026-03-13 00:54:37.286316] Update #583: mVesPhPbW55RihscDxnPGr8kIYk
CS
[2026-03-13 00:54:39.441815] Update #584: aqY61QsnUgflCj7mKMu6H9pn9OPCph
[2026-03-13 00:54:39.443165] Update #585: 1EBf1RMvAPAo03YRmO9sLY47iZeUYf
[2026-03-13 00:54:40.532237] Update #586: YQPnGFzJrt50reoNsI3zHLWdUzaElV
[2026-03-13 00:54:42.680807] Update #587: 6Knsy9Y5IV1LadfYP7GRgHkXZ9fYUt
[2026-03-13 00:54:44.810652] Update #588: 8XxsPbFEgs9vNXtuoL7sowL6PTYVQ0
[2026-03-13 00:54:45.882140] Update #589: 4HGVEGVjTcFE
4o
C8JEuR9UgbFY
t
[2026-03-13 01:04:01.265925] Update #590: wB8OIjtRwRhhdh1Re2fwencgRDfH3t
[2026-03-13 01:04:02.324541] Update #591: uQDSu3j33zTJjoOJgemCTHECylaDLH
[2026-03-13 01:04:04.442158] Update #592: WawwEY9XbnjAW2QXtLR68t1tcBIzji
[2026-03-13 01:04:04.443315] Update #593: 8JGFUh8uIoMeEzSSLFVO25f9hJszfN
[2026-03-13 01:04:05.509417] Update #594: pnuBlxpy2PxvbQ3AUFXIKZDjhR3MAV
[2026-03-13 01:04:07.619067] Update #595: IZTnfv5HkaBzj6X9cL1ua5
pMIgHZr
[2026-03-13 01:38:01.847551] Update #596: 4kroOCj3y4dc330YE3tIPtypyP9eiy
[2026-03-13 01:38:01.848286] Update #597: vXtAmirfs9tcOARISYPeLyMA7q2exQ
[2026-03-13 01:38:02.912525] Update #598: AeYTY4rt60obDzrrnogeOIwPEI8mkN
[2026-03-13 01:38:02.913336] Update #599: mc1xqviy76qZWP
5VWH51DwL6iDbpl
[2026-03-13 02:04:31.836083] Update #600: Bioci9Bu8UAbu2buxpb0vwLqdREWVm
[2026-03-13 02:04:35.074535] Update #601: u8JyTIMHmTlnIo1hlwL9DMdDmWNgqL
[2026-03-13 02:04:38.355173] Update #602: bHOi07njqObOyo2kJtNIRN9sF0swUe
[2026-03-13 02:04:40.515342] Update #603: 
mycSQGU8pQ2i931KOc8HWwqH1Uedh
[2026-03-13 02:04:43.763731] Update #604: jy8q28yFtKWGEelmrEwnKnJmPdqKfm
[2026-03-13 02:04:46.347672] Update #605: SPWo8q6qjJsZc7Vb
pjMbufPEUhQEs
[2026-03-13 02:04:48.480655] Update #606: UeGcYMwazR23arFBSwtYw4cgJJeMbM
[2026-03-13 02:04:49.579075] Update #607: NGluBMUAe9bqRONMVXZzGrWp9N2xSg
[2026-03-13 02:04:52.826592] Update #608: 2ZR2r
bLFD6oTIkNrXBzSAGxhVYIp0
[2026-03-13 02:04:53.910297] Update #609: BsjaQKh9xc7kP
D7Fom3r37DCb10XW
[2026-03-13 02:04:57.153325] Update #610: kwE3MDd47oKQzhMvLd8P5clmTI0Q74
[2026-03-13 02:04:58.239497] Update #611: E2JPmXUbqDyNDyaUFyzl0dDQ0M
cfi
[2026-03-13 02:04:58.240756] Update #612: Hv9LzDTkOJcZi10uHjmvckSdR5Zsy7
[2026-03-13 02:04:59.327784] Update #613: dkG1IlfLgnQAiLzxLlFd5DYEr1TXHK
[2026-03-13 02:05:00.413912] Update #614: TpapX5BSUbGdIxyQqYMbEouPkIuVSs
[2026-03-13 02:05:04.787302] Update #615: j1lYJv78CcdsZO
npiSx8Hy13x3OYU
[2026-03-13 02:05:06.935224] Update #616: UbLbv43
t23E3PuiCm8C9zbsR5GBPI
[2026-03-13 02:05:08.035491] Update #617: t3cQWOufGHoupveAOm4UYWoPfcLPvy
[2026-03-13 02:05:11.273142] Update #618: 9by8a
gMboGdqmWEHFraXIkb
9Diap
[2026-03-13 02:20:59.279621] Update #619: NKtkpu13pAWSevB0wnTQy
8MVsNXOB
[2026-03-13 02:21:01.551828] Update #620: sFNnJo5mc8A66qB7IcPaSYk9ivFUta
[2026-03-13 02:37:19.500225] Update #621: 2gjtxJmbTJ5ugU6bc6PTcICo0C5y39
[2026-03-13 02:37:20.586955] Update #622: kTdMATKSpjolLgT5EuCKKH9oPuetXh
[2026-03-13 02:37:20.587816] Update #623: qZpvaVPjK472b2HjvUzxoUbDXaK2Gq
[2026-03-13 02:55:04.699544] Update #624: yPkBMD9CbHpcDZ6iio88cTGQFsz1qL
[2026-03-13 03:05:33.999719] Update #625: l9MH6YgBMPwWF
L7rCy
WavAHDO
F9
[2026-03-13 03:05:35.102611] Update #626: qklKhTPO
iJ7ZrlW4chgH4XnRy48lE
[2026-03-13 03:05:41.036770] Update #627: RTEfPwBEEwsCnsJDh096alT8WEQqVU
[2026-03-13 03:05:42.117395] Update #628: akJII7N7TmrWd4fbrkGm0eAH
n4FV5
[2026-03-13 03:05:44.290507] Update #629: 8SzPrsF2nCYLFCrqSiwFlD3uxZKMyO
[2026-03-13 03:05:47.540087] Update #630: Tl7MWLtdhDWXaBME5mmp5CR17XV2jg
[2026-03-13 03:06:01.630949] Update #631: n4MKQ
TY9jWnW4r2DTmTz5l7r
gMQs
[2026-03-13 03:06:03.816768] Update #632: vHGEfzs8XNNV2B
jQP3t7eenOQQqLm
[2026-03-13 03:06:03.818209] Update #633: m2LyDEegWpROaRaEyqTr33oy3VOmaD
[2026-03-13 03:06:07.079518] Update #634: eQrCk1063FVi4J1MIXcGBIPru1miLe
[2026-03-13 03:06:09.227755] Update #635: x09qqqBr1PSBOP4KWOcxxFlZN0TuLk
[2026-03-13 03:06:11.401112] Update #636: u1G7lJzw2C85KrcY2t5ckZlqP1LM2i
[2026-03-13 03:38:37.332418] Update #637: xMiAHurySQHE0OmIhVTccCUkTJ2qs9
[2026-03-13 03:38:38.385883] Update #638: U06FJKMZmfTQAVvOo7zMWEEbXSnCbF
[2026-03-13 03:38:40.567078] Update #639: ZXwUHJZCgqizUlhg7TekfvBGkIFCC1
[2026-03-13 03:38:41.664461] Update #640: ASLiKCT06o4Ie8c8jPdfsqge0LIwID
[2026-03-13 03:54:18.336810] Update #641: 7WjMacVmskxtVkjB1rOAh5gga3vQLS
[2026-03-13 03:54:22.705123] Update #642: xN0FCZwWbm1E
gt4Q7YlVWMBpD3oFe
[2026-03-13 04:06:30.245852] Update #643: nzgQ9Mbyd5GBczBx0BBU
86oDu0yVA
[2026-03-13 04:06:31.341917] Update #644: L2l94ev6RJ62Vhs6Dk0IUkJrdPgaGr
[2026-03-13 04:06:31.343056] Update #645: P4hcP6yAgF
Gych2UGq2TpRkDYlCNi
[2026-03-13 04:06:32.438506] Update #646: 6ArwCFqrA3hc3s9e
9f
CtbSd2KKyq
[2026-03-13 04:06:41.100770] Update #647: q4HSDdyv6ooIxxXHNmvUBazGOHbQzc
[2026-03-13 04:06:42.201313] Update #648: CSzD3ZavdrP67iaD0eLd47Pk2Rfi6j
[2026-03-13 04:06:43.275679] Update #649: cME3zF55KwEGvRel6BYl1O2pe9uMW2
[2026-03-13 04:06:45.466757] Update #650: mMB7wWll8zzSO6Jggc6BGAQYMt8c6a
[2026-03-13 04:06:45.468294] Update #651: t278CM7d0PRE0NhWov0ujWAkPYr
nV
[2026-03-13 04:06:47.629127] Update #652: 8ZpgMwhqoMSLNVJDXVhlufVwSzk1y4
[2026-03-13 04:06:49.809486] Update #653: qCH
HjNWQjwFR1pJpTNbAyLSPrrEpp
[2026-03-13 04:06:51.971424] Update #654: XSLUzUXGbHqI28VsxQ
Njd2qcCI6EW
[2026-03-13 04:06:53.048114] Update #655: 6tmznAfS
dTSaXY4CLwolAWA8qHkqy
[2026-03-13 04:07:01.734469] Update #656: m93OlYcG0YnQNs3csekF0Fu3AFn5ec
[2026-03-13 04:07:06.066190] Update #657: FrP3l7LzsVxeVjwGR5ObNpuKLQUKkn
[2026-03-13 04:07:07.162053] Update #658: C5JAYniuerMGVqT4BPs2wNG5c
IuXi
[2026-03-13 04:07:08.246030] Update #659: Vvaq8Gn4OSQFy7sIsAvB8UH6HxAqYm
[2026-03-13 04:07:10.416921] Update #660: EZ8bCSxiQw3HrsnF1JUORs6BTdtvhH
[2026-03-13 04:07:12.606183] Update #661: mJviQgxbN0H1AX0QR8AowWf3jC7QZT
[2026-03-13 04:24:35.700212] Update #662: AF8CmCNySeigZQj7KSs6N3gnUvOZND
[2026-03-13 04:40:55.512678] Update #663: VxI1tt6Ob3HkAqCZcgbE8rODtBwP5n
[2026-03-13 05:07:36.887182] Update #664: 8BjdIX8abX4VBWn3vrFAX90UJHagau
[2026-03-13 05:07:36.887876] Update #665: iDMDqhLhf4ycAujKKNMKWohFzJ2WIb
[2026-03-13 05:07:39.043737] Update #666: mfwns7quSshf2GBVg7euNkQKLPKoxk
[2026-03-13 05:07:40.133757] Update #667: EOV9TvQjiXFL0
24n6grn0tz
K4YES
[2026-03-13 05:07:44.442896] Update #668: WdBWbZ3COFaGf8fZM4yPGuSHgERpbk
[2026-03-13 05:07:44.443636] Update #669: bi7EbJ8FcSi4QTPMA2na0T4lTDCb0V
[2026-03-13 05:07:52.045281] Update #670: qMAanRXFKHWshqwpfiAmD00AUklxdy
[2026-03-13 05:07:59.627734] Update #671: 5KQJRcYmeMj5O8JcKFwgKx491CpAkD
[2026-03-13 05:07:59.628315] Update #672: G
rWDrtqsANlEx21yP4FugWBrlYNEi
[2026-03-13 05:08:03.977372] Update #673: e8hPeYWlnwvZwfgKaf3rFjPvuuhPoc
[2026-03-13 05:08:06.155704] Update #674: wy2YmVIQZOvYKEu95jAWgS556VYNId
[2026-03-13 05:08:08.332063] Update #675: 4ZtOMYV5STpOWVlegW1ZhE7vtBo3vM
[2026-03-13 05:08:10.532363] Update #676: lph998a9yPyGnljSCBK6bgdOPOLaDv
[2026-03-13 05:08:11.601233] Update #677: Ggtr165TIL7fm5kk2JtdGXAd2vhLOT
[2026-03-13 05:24:51.718745] Update #678: qobptQcpJXSsK73FUTntu0pt2FwrPf
[2026-03-13 05:24:53.887206] Update #679: ZmHeGuPAHHvq7hM2gQ2ApJAzSQ5TZ4
[2026-03-13 05:24:54.986261] Update #680: GNNyp9CaHCF4ZlxMmbB3AwS532Qut3
[2026-03-13 05:40:20.013050] Update #681: U2ne1s1PvGAFTZ0QPQkQviI1LFpQF6
[2026-03-13 05:40:21.083818] Update #682: U98lBbi63dgGrEXUECuXb0IZsISMbk
[2026-03-13 05:40:22.177465] Update #683: FsWgEmi9wUiIpuFlYA0IG6mUc626C5
[2026-03-13 05:40:23.243775] Update #684: Yj6
swBAkj3rK21sbe5V2paL0W6rRJ
[2026-03-13 06:08:55.879225] Update #685: 6SZR9UO46oIJ1wTetzUE
n
58uquvY
[2026-03-13 06:09:04.558865] Update #686: mVfyfdJSPs7x9CuUWFncK2MKiz8AWd
[2026-03-13 06:09:09.949723] Update #687: PT5elH5GrvTdDuxWNWVBgj3UUS69zh
[2026-03-13 06:09:09.951126] Update #688: 
iTLuxDSlpoyWQ9BciO8x5Hj7QT6hq
[2026-03-13 06:09:09.951924] Update #689: k8VB5LMnfeKygorWxuThI4Q
br
PDE
[2026-03-13 06:09:11.045385] Update #690: PpzisPGvSiVoWyPFrJ3HVPUYhWLjqp
[2026-03-13 06:09:12.147898] Update #691: ebnOXRcycb1oXB2JorNbZoWOZqjDTN
[2026-03-13 06:25:38.086576] Update #692: MZycUW0G5bg84ZXjlWtaTTZcDyfs8S
[2026-03-13 06:25:39.153783] Update #693: S1v3ZjRTChxaOx80d4KUZmuFQcP8q4
[2026-03-13 06:25:41.330654] Update #694: lj30cEYdNYAvVr446l82AKwvKxeUXR
[2026-03-13 06:25:41.332037] Update #695: uOj4pQ69W1D4
OQYWt1Q1wQUlAgGco
[2026-03-13 06:51:14.176103] Update #696: z65rH2E9Btca
LPysqpLlWHBy8doUB
[2026-03-13 06:51:15.274802] Update #697: OBnLcT
Yod
p4wTmrV5vlprYtALYLf
[2026-03-13 06:51:20.659446] Update #698: BulUDbbGrzOQTTunWUTHJO290HXLiG
[2026-03-13 06:51:21.762197] Update #699: Ub88kaTIaxiRS7Mo8rB2WLPetKRrpu
[2026-03-13 06:51:22.853579] Update #700: i6xtJDO4qovi4T
YIpJDCl14rJ7Jzf
[2026-03-13 06:51:26.109062] Update #701: aXzO6HVjXxZsZnayIFQ1tQiOTp2Yyx
[2026-03-13 06:51:26.110503] Update #702: a6f9Xl3xDiNpEeAPz68ozBkrdtUr2i
[2026-03-13 06:51:29.391954] Update #703: YwoQrigtSvzwv4bSTvQ5F3STWkn2Gq
[2026-03-13 06:51:29.392764] Update #704: FwHfFyzcYHFL2M5vNVv4e5YoFQxgwT
[2026-03-13 06:51:33.756807] Update #705: cAs9a
B0rws7pwQlJdhM9C4ZZwlLiO
[2026-03-13 06:51:34.852104] Update #706: lFQMMeo9cvy6B6fm3DYduyRV
R8eFt
[2026-03-13 06:51:38.904103] Update #707: dHttXQMfQ3oYAS9Yp6FASTlw7jk8JV
[2026-03-13 06:51:39.976303] Update #708: ByQUARX1YyBoSS6vWOZY2F99ZLozgd
[2026-03-13 06:51:43.202510] Update #709: kO9ElErzXuyraydSXiZPd9wf5UPBNv
[2026-03-13 06:51:43.204538] Update #710: G
l1KuZgZmUPUgl36LReYW6hlmws
L
[2026-03-13 06:51:44.305620] Update #711: wFgzFshOAoISeu4WL94G
0mKVcx
P7
[2026-03-13 06:51:48.662793] Update #712: WR7E0rgtJ7Jp7XX9SqP3LgrOkBFcRk
[2026-03-13 06:51:53.022392] Update #713: wwCOimCaIhjUmRbNQeW3laGWOu31f9
[2026-03-13 06:51:55.200103] Update #714: oDc2
K6ZNe1URd8PopmrfWco2giZg5
[2026-03-13 06:51:55.201569] Update #715: aYOfngfIM9uGc3ryXXPfspEwrjRwIo
[2026-03-13 06:51:56.286959] Update #716: Msmu4r3TXS0Ddj9SsnAhCKPTimfKyM
[2026-03-13 06:51:57.383618] Update #717: Y5NGFO9DIohINcEK4TMufchb9udUGV
[2026-03-13 06:51:59.583888] Update #718: laRpaXXjrJuybw46ta5BNBL9HskCrd
[2026-03-13 06:51:59.584430] Update #719: XeVvY0xFPXvZ7nQuxYSRbKyNnEVv4Y
[2026-03-13 07:08:15.445194] Update #720: 8TBNTdYEVb1s4dggUhLDsvHbHajI4y
[2026-03-13 07:08:17.590416] Update #721: QuNEYxwiI2
AFLlIscJjSaCJ
Sg1AU
[2026-03-13 07:08:18.663946] Update #722: QetRmARHypkYsg1BcE6vghcvwXNVAD
[2026-03-13 07:09:29.405712] Update #723: r6yZuroChh0k2imURpBiMs572VCLs3
[2026-03-13 07:09:29.406699] Update #724: OK3u1263AIEkxWQDZjSaXO6QL10P3W
[2026-03-13 07:09:29.407295] Update #725: mdAMjI4eggU36PQ5oldheypaFJ5
c4
[2026-03-13 07:09:32.671953] Update #726: 4zkmGJ2IjNuQ6R
6GOJsVgChEhzV65
[2026-03-13 07:09:32.673028] Update #727: fKdognPaW1X45FA2Exare8Ly414D7T
[2026-03-13 07:09:39.228529] Update #728: cqo115
uQV4XlkeZTDqrxXB64Siw73
[2026-03-13 07:09:42.488606] Update #729: CsIoTgWxYqZHER08Oq2xstbaxAuwLC
[2026-03-13 07:09:43.585312] Update #730: EKIYySh5kznvttP3aOKeeUXNftno5K
[2026-03-13 07:09:45.787160] Update #731: brAu4q6zklNjHqiiFE8pjGWNHxlHqn
[2026-03-13 07:09:47.956065] Update #732: Ki4NE8UydIEP6FGFUWUHTdvpdtNgLf
[2026-03-13 07:09:49.046997] Update #733: 4WVjuuR5GjtCIR0uWIi56nai5C3nvP
[2026-03-13 07:09:49.048485] Update #734: D8TqOlSCltYzQRFXBmec4Z21n8R5SD
[2026-03-13 07:09:51.225945] Update #735: eCWLUmSnU3wyYl4kEjZpADs22iVeY7
[2026-03-13 07:10:01.726640] Update #736: IRhZRwac
BFr6EIjuB4QFnF47tRDfY
[2026-03-13 07:10:01.728148] Update #737: NiosLJrbZjUOp8v69yI7
p
BzvXkZp
[2026-03-13 07:10:03.897942] Update #738: FJ85kwkyfvy1Y03JrAvvmNWzxkrUkq
[2026-03-13 07:10:03.900179] Update #739: d4bP9rn9ercquHVbkyiU4phjqNWdFw
[2026-03-13 07:10:09.329329] Update #740: bkjjtrv3P3rs
bIdC0BkiViTkCMn3D
[2026-03-13 07:10:10.417731] Update #741: 9i
TBTiMZ7ci46M7
JblqzAXiXGn1j
[2026-03-13 07:10:11.492723] Update #742: Il6E9kUxpADRWQrusE6RuOjZJSwEKF
[2026-03-13 07:10:15.865838] Update #743: JDxGFk93nu08ecZQczwErp9Co2zq2w
[2026-03-13 07:25:52.928991] Update #744: 9NOYDPoxz2
tJptwaAlAvsQ0nAT8fo
[2026-03-13 07:25:56.215781] Update #745: wR42ctqIVKSByZG6qps
6YZfyLukyW
[2026-03-13 07:42:33.973726] Update #746: XEeQUfX01p8ejiQ2OYQEUahbG2H3od
[2026-03-13 07:42:33.975225] Update #747: vDv5mQWGqJQ6mZ6Tfe
wIBMy93k9hR
[2026-03-13 07:42:36.174215] Update #748: j8mGeZzrALzHr1RW5TKqIE4XvFcWZJ
[2026-03-13 08:00:04.255732] Update #749: 1oidQHFPIU3RZcVfZeSK
TsDNcB3ii
[2026-03-13 08:10:36.739462] Update #750: aXtjtvAEzO2oOX3GpQeKMJD4UIkeoM
[2026-03-13 08:10:36.740341] Update #751: 1UdrMbqWICXkHQSYQb7Ddlw3jClG6a
[2026-03-13 08:10:37.847085] Update #752: EmyRpm3lmepd2VJYwNt39b50AoqUdu
[2026-03-13 08:10:37.847705] Update #753: DhxXelueIhl0w3chaELsJYdypOj7a9
[2026-03-13 08:10:38.950745] Update #754: wYtWH2Jdvzu8y2D46Bs7UxLnOy4B4a
[2026-03-13 08:10:41.132004] Update #755: rZTG53QIKpvyMsMXs6J7SBcyEP5dse
[2026-03-13 08:10:48.456555] Update #756: qdhOjlS8z3AwgzGlfqckZntVduWDio
[2026-03-13 08:10:48.458164] Update #757: ff5ePo5RL5iw02pYRrwips4Z4
K9yQ
[2026-03-13 08:10:49.553510] Update #758: j7cBG22WgTAD6S07CemRhwe5O7Bfa5
[2026-03-13 08:10:51.732530] Update #759: 2gDvowGP1fd07VAtPIGvp5SAbxDYSu
[2026-03-13 08:10:56.030646] Update #760: ISA2hjEUUGDZ4cH4bfIet4OOJuasDk
[2026-03-13 08:10:58.215958] Update #761: 3iG5LTaPEOEhs9N75Qiiqw2hKVXxYE
[2026-03-13 08:11:01.483363] Update #762: eFkqD7A29hd9f7llFgMJFGnkoukNG2
[2026-03-13 08:11:10.160112] Update #763: xYX21fAOV85Adn5Dhs
WUeVxloDtKa
[2026-03-13 08:11:11.248046] Update #764: my6bayRwxg0oBDUlKFa0DwwoVrfHCJ
[2026-03-13 08:11:14.491545] Update #765: Y7wC5NjwJBQHfUK4rW5dZhPGZ10FWY
[2026-03-13 08:11:15.581757] Update #766: XoJ8R
n2RANunG
ZpYJysOfZRZWKsL
[2026-03-13 08:28:41.718340] Update #767: LPQijBcGtdiFABGfgf6Uul2Ly7bRHA
[2026-03-13 08:28:42.817988] Update #768: HTN80JaG0UNP
KOgbXpS0oDukR9UDP
[2026-03-13 08:28:44.993328] Update #769: pP12475pBcdjje24FouUgaywU8uguQ
[2026-03-13 08:28:46.076572] Update #770: K1huXX
VK7wxNxKZMBledCFDYV44Py
[2026-03-13 08:28:49.355280] Update #771: tHR75l3651kaLyLegGLQ2b1XYKbaFb
[2026-03-13 08:28:51.542557] Update #772: eznMK1f77U8YCXgVJWwG6F3fnWB
N0
[2026-03-13 08:28:54.806300] Update #773: G
ob
MbzWt7aFtt3dOIsfbECvEW7LF
[2026-03-13 08:28:57.864939] Update #774: z4xPv8mG34
6eVynhEJ88FvKkz3s8A
[2026-03-13 08:29:00.025322] Update #775: prHbXZAu1FTv9EMam5S5F2xVrcw8JK
[2026-03-13 08:29:02.197954] Update #776: nWIFWNKLw1eEJemyZ3q0riD5FREWuy
[2026-03-13 08:29:02.199061] Update #777: 85LIjJGC9boosoSUF96wxjWnRAWSt6
[2026-03-13 08:29:07.578660] Update #778: 7NZOC7wgFfeE4p8Tz9U6vJWydUA1Gu
[2026-03-13 08:29:08.677920] Update #779: 9B7sYI
JjIvWngjnOwInGA9OmWA7DP
[2026-03-13 08:29:10.838377] Update #780: rFB6DrunfNGhi1fr
IdhHZbf4bVz4u
[2026-03-13 08:29:11.928072] Update #781: qAlm44
rupq7
pAX5MhS1uAxVt95vI
[2026-03-13 08:29:11.929139] Update #782: dDALRdghSzC91fSaJZCMlJJgSbWes0
[2026-03-13 08:29:16.298921] Update #783: yyU5YSeVcNrfRq1Detdr1foNZPdB6f
[2026-03-13 08:29:21.727874] Update #784: gRATGX9d857BvnmxjifvYIO
KyZiKQ
[2026-03-13 08:29:22.814875] Update #785: gh89c0spBMRgvjgi47nUfTy2s0W7zb
[2026-03-13 08:46:26.937763] Update #786: 5to1aKbrl6KvAjbzKOsc
laX8qYQkA
[2026-03-13 09:03:02.707120] Update #787: Rl4qJBKHTeEpPMm43EVdgx0aWfo
KA
[2026-03-13 09:03:04.861044] Update #788: bWf2c4hGCQQ8jtWqPLkmOqBaMnjbKH
[2026-03-13 09:11:37.344298] Update #789: S5g3gcQjKM4M9bwqBEiEzgzZUVHIS9
[2026-03-13 09:11:44.930158] Update #790: bWznoRbbrUXhAmjJuMP6WgOqJCRgyB
[2026-03-13 09:11:46.682424] Update #791: dA8uDvx
YOsBVmd3lKeksFDoZfL7R8
[2026-03-13 09:11:47.762496] Update #792: 91zM7uIWIaGCYtUyCevXRLqG4AMWyP
[2026-03-13 09:11:51.012943] Update #793: m8ylvvK4c54pYRIzvkCTmiYRAosgbw
[2026-03-13 09:11:53.170576] Update #794: lRNoec5Ti5CiDT8OjCvo3QgMCnz51W
[2026-03-13 09:12:10.630466] Update #795: AJd3pgAaVKc3sm2Cj33fstVyJRFrzJ
[2026-03-13 09:12:12.825043] Update #796: P6pEu4WSWc8zUmQr2J7IHfVC6oTRVC
[2026-03-13 09:12:13.899780] Update #797: bkae6oeyMpqfnP6pZC49uPgMCIqK3q
[2026-03-13 09:12:13.901200] Update #798: N9Y1EgYnDjmUNEn1byd8W6P9YrZrMy
[2026-03-13 09:12:14.985597] Update #799: f9gKBMJmdEZyzWLQ62D8ZtZj4TDd70
[2026-03-13 09:29:10.001815] Update #800: 3I3W2rBVBwYd2eO54h
kXnrleAdmA1
[2026-03-13 09:43:42.053292] Update #801: RS6S1dKXQLn
pokbVRk
O2CoD
wNUf
[2026-03-13 09:43:43.131285] Update #802: j
97U7Wz1Xv97SpKkqupSoBWjgdLYD
[2026-03-13 09:43:47.460207] Update #803: wquXp32COX0USgixcPYbdVVITwJgY0
[2026-03-13 09:43:48.546964] Update #804: mYcAccrf8lYnrKU2KGg09wKrgOibq1
[2026-03-13 09:43:50.733624] Update #805: Db1yefMm5mlV9S6fKITwDpOnJhtoKw
[2026-03-13 09:43:54.018819] Update #806: 1xI7YsBhcYT6eZDcZRwKvPM0yDuhWu
[2026-03-13 09:43:57.303607] Update #807: G
HFJ0nW
PWtAedCSAX3ReWMLVkCs1
[2026-03-13 09:43:59.466021] Update #808: oEolcMHlqLaboKkdohM1jLIuwyIuN2
[2026-03-13 09:44:02.444011] Update #809: riu1kwr6GntmH0p9RpbTnfdiLnXjEZ
[2026-03-13 09:44:13.237610] Update #810: qjODYZQ4jy9SEudo03hSERCokwDazv
[2026-03-13 09:44:17.564281] Update #811: 
BigjgbWdBDp2DaysK6BA6ZXRtBrPR
[2026-03-13 09:44:19.728379] Update #812: Att4qbukNoIzhGieJvPV6eioDG0btS
[2026-03-13 09:44:23.016975] Update #813: Cmp1YbEiB4beuwbnXEVhjNIgFsXAui
[2026-03-13 09:44:27.372245] Update #814: ZvtJjQxXGmDjUWgfm7Pbo
Ch4wmk2z
[2026-03-13 09:44:27.373979] Update #815: LW0UpWFaa9IBJ0Ezx75mHJOlWDEuhv
[2026-03-13 10:02:22.147385] Update #816: zzcuwB2al4qYGSNpoJpV6TRpFeJd1I
[2026-03-13 10:12:28.997688] Update #817: IZSySX3qbhBvAHS7K8Om3hss0h15BJ
[2026-03-13 10:12:30.096738] Update #818: EzXmPVw7tua9QLktwTqQxJQ3RVq2zT
[2026-03-13 10:12:30.097194] Update #819: K1gFVftJPD2J21e8dvDPfh5LTHsVMm
[2026-03-13 10:12:36.614464] Update #820: b8w2CR3DIF2ySjg7vT3JgIdyS
gR4B
[2026-03-13 10:12:36.615876] Update #821: rFq7mom8aDwqdI8a7vLnHmHB7a0WBu
[2026-03-13 10:12:39.904208] Update #822: 6knDHzkJG4J5D2QL7dIgTVWMpIijEa
[2026-03-13 10:12:44.282870] Update #823: ZIvVyAaVAYzT9veAaeCJLlqqU2m7
8
[2026-03-13 10:12:44.284874] Update #824: 2pAnFFwzlQthlDY1B5AiPobaWUkKyp
[2026-03-13 10:12:46.473187] Update #825: ZbpHg0XRm859kIEX2jSyHNewCb9L6L
[2026-03-13 10:12:47.573831] Update #826: iV2usJsEWKANXNIAQ5BrevPzuTLKFv
[2026-03-13 10:12:47.574281] Update #827: Lu42K4ToK1AXzI2KSMEMWRmtVx5LZg
[2026-03-13 10:12:56.950114] Update #828: 5qs4
U6BIwmp6GboqlxLVoz9lXqMjh
[2026-03-13 10:12:59.132120] Update #829: kdGtoF13t2pq42cyrDUPH8vuhBPKwD
[2026-03-13 10:13:01.302878] Update #830: QwO6Iuj9U079cT1plEElxt52K5wwNf
[2026-03-13 10:13:05.615024] Update #831: S1tRWGan8jmc66AD4HJe7MHzDjNW6O
[2026-03-13 10:13:06.714242] Update #832: 81z1yF9A7xIGkNrY1z5CVMkvFP4Ieb
[2026-03-13 10:13:07.818361] Update #833: dz2
W1G8j9L9791XJMTmqqji1Cv
lW
[2026-03-13 10:13:11.104010] Update #834: cGVT
uy2w9mvyyhlkgBG
PT1fftW0n
[2026-03-13 10:13:14.371550] Update #835: Hx
Aqiti0Xh3Yy7MnVRFGathk669NP
[2026-03-13 10:13:14.373820] Update #836: j74cbkquymlEOXSwcV2qkGL
IptIiA
[2026-03-13 10:23:18.866404] Update #837: ztaqKZx9zqXngDzDtBj6rSWy5pKRjJ
[2026-03-13 10:23:23.217826] Update #838: brOEEp30FP7oz3wD7EEi585Rxb7NSK
[2026-03-13 10:23:23.218287] Update #839: 9Ecq0kMlO8qYz
gSO8ja9Cnvu9X68I
[2026-03-13 10:23:25.401037] Update #840: 50SyqBfN0x1YsdFa4Ko3ZmWEflBZBZ
[2026-03-13 10:23:28.674054] Update #841: zVdhEANEPv5MyvOi9JjTzy2T2MJU5N
[2026-03-13 10:23:30.866098] Update #842: I9B42l2KiJR3ps14gixAech0Uw3XJ2
[2026-03-13 10:23:33.044683] Update #843: LIyH4G6UvKYn5ZD7PqnSRboOM57Wbo
[2026-03-13 10:23:34.136942] Update #844: 7ZF5m6Ml9uaSxY
VZ
fuOI6iS
dnIk
[2026-03-13 10:23:36.338572] Update #845: Ct2kJ5UUZGEJqvcRT2cE
HMf87VQPU
[2026-03-13 10:23:36.340876] Update #846: 8n3O5sal
euhPMmchQZ3lSTkFzRyYf
[2026-03-13 10:23:37.440981] Update #847: ZvxO5EWfyTiZVGhRKKh78I
2mMZGaF
[2026-03-13 10:23:38.514115] Update #848: o8zf4
b6EHOwfOa0r2zux3tSZmOBcq
[2026-03-13 10:23:42.823094] Update #849: YnDXTNd37jb
TnSWaebdc0aJ7MRN3T
[2026-03-13 10:23:45.024259] Update #850: l4B8LOnhQd2LRzRHFpsNoxcwnhkySf
[2026-03-13 10:23:45.024740] Update #851: Gfq4uawp9Ogs7TFjx1
kDlVgVpHd0A
[2026-03-13 10:23:47.195829] Update #852: DXBLbrZhWciIoEPXDgaWy3EcyHAgtO
[2026-03-13 10:24:25.552151] Update #853: qSphHXp1Q94s0425OhMWIDlauvUO9u
[2026-03-13 10:24:25.552849] Update #854: 5iNJ0hV0dzzHQhD4TnZTWogjYdhywr
[2026-03-13 10:24:26.633947] Update #855: C92laxfYBo3rsD3Ckzp6n0doBT6kZz
[2026-03-13 10:24:34.235918] Update #856: r7Ui6QL4K6GxTSSOn2tK5rPVIkrWi8
[2026-03-13 10:24:35.335517] Update #857: OA6P8gkRkj016O5zyubHheXQfNVr3b
[2026-03-13 10:24:37.487878] Update #858: eBroXEeWkHGLWs1JWJEa9vEecnaqCK
[2026-03-13 10:24:40.736690] Update #859: 
DIPbsFgmFKZ1FPCn6NS0V4Ms1vc6o
[2026-03-13 10:24:41.827551] Update #860: dQuhIifDwqzQTGhn9eAS
K3NebMLAj
[2026-03-13 10:24:43.996673] Update #861: B28yJkJk5fdY4R5X5o07t7mPw
Vit5
[2026-03-13 10:24:45.089842] Update #862: FKVZZsa9JnUtQoLJBu0vuCqj4wL3
T
[2026-03-13 10:24:47.272965] Update #863: PsH9HmOr6VLZfE4iPt2MXNPBUgzbTl
[2026-03-13 10:24:48.359186] Update #864: WjWoYyuGD5EwwEvMt5UP6nogiO00QQ
[2026-03-13 10:24:49.458591] Update #865: 0ZrLUGfg
rSSjk0IdeVNsE4UjuMGFH
[2026-03-13 10:24:50.533756] Update #866: 979N2XQOJtYIsvGgl2p8Qd1mJ5
ZB3
[2026-03-13 10:24:59.211993] Update #867: xh4JPqg90QBheD0CaSvF0IDRcHehnn
[2026-03-13 10:25:03.601367] Update #868: MN0ghNYENNWJWw2XSGCZKS6
Bt55yj
[2026-03-13 10:25:05.768558] Update #869: N9Gt5hxqcYXGldlPI9ZLvOHdA88X5D
[2026-03-13 10:25:06.861010] Update #870: xwnRTunhihG
TQAAQn
3TpcpiAYPSZ
[2026-03-13 10:25:07.962179] Update #871: sARzt06tMM3qS6LmR1QNILaz95E4OM
[2026-03-13 10:26:00.238972] Update #872: 4ZIJezWinqNp47T03fJoVFkmzRgnij
[2026-03-13 10:26:03.510954] Update #873: uitcIDT9lHdoHIbSn0HAaKXQ3lujCn
[2026-03-13 10:26:06.776584] Update #874: GEVQDGT9gtImEBYgcydMG4ZDujg3wq
[2026-03-13 10:26:16.577156] Update #875: r3Spds6AYOMVx2avYAck7kGLzAQ436
[2026-03-13 10:26:17.681300] Update #876: 1zF
YszCSWIDYOi2AVMLd6SnQE9z4Z
[2026-03-13 10:26:18.787422] Update #877: 0Y8fIgos3FKQh8AFmY5XC4tq6SY8VG
[2026-03-13 10:26:19.885318] Update #878: 7Vt8P930pqEyt0wVY8x4c9
OHLJy6d
[2026-03-13 10:26:23.141513] Update #879: LGAqUjFaacziGvr4AeAlGFfRT0aWGl
[2026-03-13 10:26:24.243873] Update #880: dUbkz5shZxrZIdA5P9j9xMX8W8H6lo
[2026-03-13 10:26:27.520179] Update #881: vg11UOao0dVTCeaDCVFiqmICiQKajL
[2026-03-13 10:26:27.521138] Update #882: FM7ico7bMRNM2fcBvUw0NF3O6zUX0D
[2026-03-13 10:26:34.014723] Update #883: SxQNNA0emOxircrwAig97ePFonC1Nr
[2026-03-13 10:44:14.098993] Update #884: BZ8UrKbtaOgB4VJrY2bAyke5jC6hZw
[2026-03-13 10:44:15.201862] Update #885: iFwJMk3iELzpLf0iqQfvKQDTivw85U
[2026-03-13 10:44:15.203860] Update #886: CCcoPprznWRNrlG5hC19Fc0f54O25P
[2026-03-13 11:00:28.099781] Update #887: 
DwSRxpGLPHp5z0EfYkAk0r8zNadWl
[2026-03-13 11:00:30.249001] Update #888: sgkju978gHC14YbsJINMoRpH1AayNh
[2026-03-13 11:04:42.706110] Update #889: UGJwNhdP4TveeSCZ5X6wnucRs8
ro0
[2026-03-13 11:04:43.804793] Update #890: FL9DuEg627wKhxv4Erf3eeYZZQy6wu
[2026-03-13 11:04:50.339241] Update #891: BcgmgB7MCRO
WVRCFLGVuTarmdwLN6
[2026-03-13 11:04:53.600890] Update #892: rxoK0NlbEuQr4u3CrvAtsy06WD8knY
[2026-03-13 11:04:54.674529] Update #893: 1VVGiSmGMOJZaiPo09PT93g1uFcb8h
[2026-03-13 11:04:54.676929] Update #894: RhswFd
81XCHq4h5xtSea6GpNUF5jy
[2026-03-13 11:04:57.939974] Update #895: JeodM7RuUdeI3hoq7OcNsXesxqWbDS
[2026-03-13 11:04:59.015844] Update #896: kfbHxu1WhsyfZ
dMItoDWA9ckQ2Gfd
[2026-03-13 11:05:05.500670] Update #897: LG1Cc
bUa1vF4NJ4RfjYdKLDGozEEq
[2026-03-13 11:05:09.884267] Update #898: 0br1qT07VccRuQHZSQUDtzSwLze95f
[2026-03-13 11:05:09.886455] Update #899: oC6y2l4z1oMUkz9dL4AmGpO3ROGNGp
[2026-03-13 11:05:10.987193] Update #900: NMhbgq7EfclGP5A9on2wY1qKLJRZ7o
[2026-03-13 11:05:13.168238] Update #901: dO2kdIy1sNdpEq6IzEjaYEmuhVwDAM
[2026-03-13 11:05:14.243383] Update #902: 50iUxn9J3HHKDGl5MAdphfj5DbjTX6
[2026-03-13 11:05:17.541838] Update #903: UPY5Qm4p5z54h
akVlrYwWNa9q5lvt
[2026-03-13 11:05:20.820888] Update #904: FRKW7J
RPG3REOF38x38Z67GI2FXr3
[2026-03-13 11:05:25.192740] Update #905: ZwbAFubs01lWK8KsTEEJaZw2AuM8n2
[2026-03-13 11:13:31.077389] Update #906: u3ybrNiQny2WRroVzu5WiglHw8IRuH
[2026-03-13 11:13:34.317946] Update #907: EELDJCSbhGs05B7EcYeit9uSvgEOVK
[2026-03-13 11:13:36.470254] Update #908: M
GX9xxdtb4oDWqQa8WPCExdnvmbkV
[2026-03-13 11:13:45.742003] Update #909: GuFSo6VT4MZ8CI7kDv0bLOgxqjcnem
[2026-03-13 11:13:49.996791] Update #910: VWIl1y5QgP1U2TnXQg84weFcSI
Rw

[2026-03-13 11:13:52.175697] Update #911: OTews3mwPPrIM4Wq4ffLdogBCjYiX1
[2026-03-13 11:13:54.358958] Update #912: j0zUV3PgV6D0jYNYpiNmrb8u70T8Hr
[2026-03-13 11:13:54.360472] Update #913: RbpnCYC209ShbiHdiYs8jhs3RN53JK
[2026-03-13 11:13:55.449742] Update #914: SVaOhAtf2pu
xmKM1GWbvY1lcSdev7
[2026-03-13 11:13:57.627762] Update #915: 6gVNo5jMo4BG5KzpSOxwlhQ8L6jSHA
[2026-03-13 11:13:58.712322] Update #916: YR
nfoNwxFwk05YWSXTZx
teaavsN6
[2026-03-13 11:14:00.879696] Update #917: uuthbirQ7Vw
AUhljVU0Z1XA7qARrK
[2026-03-13 11:14:00.880987] Update #918: W3IGNCB1X4dVtp1lbShkSlfba837WU
[2026-03-13 11:14:04.157363] Update #919: bEtW6FmkuZ
2B6
Si1uhwTNl6A7b77
[2026-03-13 11:14:11.740383] Update #920: gB4aCIlw2MebJpJpIIkwxn1W90hm1w
[2026-03-13 11:29:42.950138] Update #921: IN5YodaEbDltn2Qh3UnvktSuUlMK2N
[2026-03-13 11:29:44.048161] Update #922: pV0EuPqs3nZcXMkn8tAjCdIlCqWSgm
[2026-03-13 11:29:51.645453] Update #923: 9z4NBvf7jSa8s6OwYMC8RMAbM7WWVm
[2026-03-13 11:29:51.648128] Update #924: KYyT8I
usDCxyA2hSUoSh3EFB5RsNq
[2026-03-13 11:29:52.744040] Update #925: Dyv0In61siAFPSjJe5okq9Cu1gO1
K
[2026-03-13 11:29:53.815199] Update #926: KdZ5zOpRhgVZGYXRl4TEkp6yNABRIU
[2026-03-13 11:29:56.000249] Update #927: pd3sllcFTJpEnEXJIRWitgJZsn
UGG
[2026-03-13 11:29:56.001268] Update #928: WwF9Br9qHJz1CbvUCCVU176cB5kQli
[2026-03-13 11:29:57.100196] Update #929: i9Lmpw
GhUcXE4zi1BB63IslaHinye
[2026-03-13 11:30:05.906761] Update #930: 78C7QQT5Xk7xlJzyvVRYPxA4DE
JoD
[2026-03-13 11:30:12.394811] Update #931: EITdWSrCh0XNTG82ZrxPsBRUJhF2D6
[2026-03-13 11:30:14.546997] Update #932: 3brfpTbtNLp6WqG8HeKCtt
9zz2hCB
[2026-03-13 11:30:16.722815] Update #933: Lto7MPFAtlzhEZqESAXs3KiBS2t1qz
[2026-03-13 11:30:17.798787] Update #934: Ti1oaVo3gHOB45VyBDA7FjUBAvQfRi
[2026-03-13 11:30:19.962136] Update #935: Ih5QSXJlI0BQ7FDalVh4PmpIwa81mc
[2026-03-13 11:30:21.062623] Update #936: 
xs8McL78ZtCWPFWELTxWldmCiW10t
[2026-03-13 11:30:24.325980] Update #937: ARGYwoCTrRAzbZvLQPSQfFfPAXTbVy
[2026-03-13 11:30:25.431307] Update #938: nWMel74ch8ZsMbhPpN
DUxTv
6ztGD
[2026-03-13 11:30:26.518234] Update #939: 2eyrZ3kLTsfqDtLQaUTdzXabcEluNS
[2026-03-13 11:30:26.518821] Update #940: fSVMmt9xYnX9cRRH7VFkaXtX569OC0
[2026-03-13 11:30:27.611273] Update #941: R7iiqDIpTyktlA
Nc7SJqkQ3DRD
Ee
[2026-03-13 11:46:03.470119] Update #942: jWsG2xj2b6yZt4vioKyRWo0uW4Otmn
[2026-03-13 11:46:07.798722] Update #943: os4aobImL30hn8VK4fivYkQU4vyJBR
[2026-03-13 11:46:14.324827] Update #944: vso9YgSXuDU9HUtLifJy0yx2jiXX9I
[2026-03-13 11:46:15.427539] Update #945: 77ndGISSDFRYBohRMTZcapqRrw
cEi
[2026-03-13 11:46:18.705357] Update #946: 7r47KDYR473ZmSz4otdwB
PwHEH61

[2026-03-13 11:46:21.958162] Update #947: pim9xEZTGnwIzuTcpvDnQiTcIWDtTu
[2026-03-13 11:46:21.959536] Update #948: IIR5a6gq7L9JEAtmtmxJhwFzKU8FR7
[2026-03-13 11:46:23.966068] Update #949: MOxehfJ
V9MJ7eOSAXu79PMUofUzJd
[2026-03-13 11:46:23.966716] Update #950: JGZZx68hHS0VodkAy7OApZOzz9KxHC
[2026-03-13 11:46:26.156876] Update #951: eJrJkz2j8fP9g4jt1hOJgtAZ5ToI5U
[2026-03-13 11:46:26.158455] Update #952: mLCZsq2TGpIuUCqBcYHVsx2te0j5dt
[2026-03-13 11:46:30.511195] Update #953: V01SZ0jbagbhf5Qt3bu9smeWdC3wHj
[2026-03-13 11:46:31.627492] Update #954: yy3tVNxfbNw
FiXX9DRW1m505FxNgf
[2026-03-13 11:46:31.630173] Update #955: 1vc8o4KnOhSquxyQ9WxC3cLLOR3nyX
[2026-03-13 11:46:34.912742] Update #956: Je6wwZ9X6802rIB9h0b1c
GkuRZa6R
[2026-03-13 11:46:34.915350] Update #957: cP5ze3kd1ZB3XehSgx
5gNRvqkjaQa
[2026-03-13 11:46:38.205946] Update #958: 
AtvWyMUqRussN1j0U3uAyF6ntKrSG
[2026-03-13 11:46:39.295923] Update #959: fIzaSCojUkZc1y
ozN2gypcn
9u3Ir
[2026-03-13 12:02:08.390687] Update #960: OU1e6HAhA8kXZ914Hb8eTo6qPe
jBM
[2026-03-13 12:02:08.392046] Update #961: 5U1EaE4VuEvGC7d5CRROF0q51xCf12
[2026-03-13 12:02:17.098504] Update #962: 3VCY4PxEoaJBBlQhHVvBzrJsbY3OtM
[2026-03-13 12:02:22.536998] Update #963: 58NJBf7UwIGseDo9AWakhUvjXLfnMI
[2026-03-13 12:02:23.631633] Update #964: H1ZETdsHPWuwHPZgBQ5
BP0iOmaXhr
[2026-03-13 12:02:32.335740] Update #965: jmNlhoFFkCyzvP3l01gUYQgq3PT2IP
[2026-03-13 12:02:33.437873] Update #966: M3yESGucqpuZf6dS1eE5
FKJcqZYDw
[2026-03-13 12:02:37.765863] Update #967: i7af
y7w59RXFsGPVEnl6GfGWuiNsi
[2026-03-13 12:02:43.196363] Update #968: VnyUaAl9A
DdBEBLXwfDYX9RKH0UaX
[2026-03-13 12:02:43.197929] Update #969: JWN5oh7G4pkGoe5RQ2mfvxMgbeqQ9Q
[2026-03-13 12:02:45.031656] Update #970: Gi0sqMCluJNQWoxLXfCcnFxhJgWxkX
[2026-03-13 12:02:46.125324] Update #971: Ox8APgYgexETHhv4NxCImfpo0XEhKR
[2026-03-13 12:02:48.305075] Update #972: hVXQNnLNu0e7QbPvuu
0qrMPueVoUw
[2026-03-13 12:14:38.456734] Update #973: 7QM4MMSAd40fEfIvLyDYXfq
HYTnuf
[2026-03-13 12:14:43.932100] Update #974: sJxdiwlGzeXCzmytFjCkJ6IJ6jHP3s
[2026-03-13 12:14:46.136571] Update #975: P8osHJRJ9e6ggDFIHnBfbjo7baxLMF
[2026-03-13 12:14:49.404833] Update #976: mlumOrcCJlq17tHh5UK3zeI3eSsZTF
[2026-03-13 12:14:49.406292] Update #977: aBntSkDktEU0mRzMyP6Rkg7c6WbDsP
[2026-03-13 12:14:51.578608] Update #978: b
jHvzvojIkXDeqKOiLnl9bsbD
xtC
[2026-03-13 12:14:51.580914] Update #979: Llg0NH
OfbHgL5mCANe3n2hFsz1dj7
[2026-03-13 12:14:58.139059] Update #980: t5B4wbDXcpfAgmLpcuE55CWVuuUlsa
[2026-03-13 12:15:03.556039] Update #981: 2wR6XdKjayv2pYxPUwMpDVf3oQiBTc
[2026-03-13 12:15:03.557558] Update #982: ZPPK49Ifyt2

8KZWFbSxnoOFgQ8hm
[2026-03-13 12:15:05.717296] Update #983: 2
k
6CdIDVqfXUfWBCJNvBeOpSn0Qi
[2026-03-13 12:15:07.904332] Update #984: dhkPKIOozID6wQIshYs
6WBxjDhzLM
[2026-03-13 12:15:10.021622] Update #985: s5tbc5HSHIGjQHYbE7GShxUBxHkYYm
[2026-03-13 12:31:14.514220] Update #986: EoQ1JIc30dQk5Kh1HehqdoD9Q6gxLG
[2026-03-13 12:31:15.606578] Update #987: YaANr1Q5EX8Wya5XzSgAAfh646NSlH
[2026-03-13 12:31:21.106879] Update #988: JsdtityjA2hpnwhrvsF6j9qSxx5UIk
[2026-03-13 12:31:22.195628] Update #989: 2YH8Hpd
lurdfBLTzouVbWufckmdwY
[2026-03-13 12:31:23.296420] Update #990: cKVtWNhS9PeNIGedKYNaljNAFQea9I
[2026-03-13 12:31:23.297722] Update #991: d2aEFvryQlEZUycQXWlOwMrctkdWGZ
[2026-03-13 12:31:24.388212] Update #992: cU9XLWUc5
Imgi11lGCYliRmRFPtLS
[2026-03-13 12:46:54.513201] Update #993: NZd0ZvPwwK
Ov6ZqpjAim8gZHtIimQ
[2026-03-13 12:46:55.617324] Update #994: ingy21YaSzkLSvZ2mkaURBvdAeTwEj
[2026-03-13 12:46:57.810617] Update #995: pDHZgIQA8B1pLsZ
reivBe4bhoDz36
[2026-03-13 12:46:58.913542] Update #996: H0
7DLxcFbuwpFWJ4W6P4fCnxlZh1S
[2026-03-13 12:47:00.002372] Update #997: rCDG9rmwTzlgkyYJYsk1frp2M8L8xi
[2026-03-13 12:47:05.393809] Update #998: t5QV2WUbYIIspyoj7
5R7GeQzgNjuK
[2026-03-13 12:47:07.572442] Update #999: VLVRZY8792VnrT1bRWc5vVVJVikXti
[2026-03-13 12:47:13.014463] Update #1000: DIORKNVDqHlNM1uP6LAcdLUmoDgKd

[2026-03-13 12:47:14.115522] Update #1001: M31aablPkQPUJmoQgc7QhM3EeFYWyF
[2026-03-13 12:47:16.320699] Update #1002: V8Jc3G2UAKAYCW6HHsTDiUvZhha6Go
[2026-03-13 12:47:17.421781] Update #1003: eRH0dTVGtk6uXtq4Pkm1YgKAdhoT8q
[2026-03-13 12:47:21.790809] Update #1004: dnAy9RlGxVxK32oOaa8NFbp
RwPXH1
[2026-03-13 12:47:30.415910] Update #1005: bPAA8Z64otOQl0UMNEk75lYXLADGNt
[2026-03-13 12:47:31.512631] Update #1006: QQDM0JjEFGOcCL3OWkM7ZXiNS7nWGR
[2026-03-13 12:47:32.601286] Update #1007: mZz561FgJcx1YAZWgmtRwXd4C631iG
[2026-03-13 12:47:34.776145] Update #1008: 3E8JP5ExkTnc5ubopy0MWQ5PULZsQn
[2026-03-13 12:47:38.028716] Update #1009: kxa2SUqhoL7p
ufZUD4pMEJmWdWmlF
[2026-03-13 12:47:38.030341] Update #1010: U3CveMmPrRl8awiXI0msYwGc0igx6z
[2026-03-13 12:47:41.290778] Update #1011: nsw7fLZqEZyOvJXGmM4UeTK4CvtT3R
[2026-03-13 13:03:07.217123] Update #1012: ZLN7sxRA0BoKQdubsc5vgt9e0tyHXV
[2026-03-13 13:03:08.264570] Update #1013: kcNDzp1Sqh5OJsdFJ9PXha6kNoW29t
[2026-03-13 13:03:12.647161] Update #1014: PQ1hmxw57UU2f0O
Wu7UD6igcHfkyB
[2026-03-13 13:03:13.746586] Update #1015: nqtxnb73D5ol9zEyszc4cjvBfpu4qe
[2026-03-13 13:03:13.748447] Update #1016: 33YuO2ui5V6oBwD957ekL76uh662Fg
[2026-03-13 13:03:19.216315] Update #1017: EpPtJtSExben4F3vXoPRcbDRGXKtIO
[2026-03-13 13:03:21.412947] Update #1018: Ri8cpwSioUkBxjNHfo7WyyOU0JCEG5
[2026-03-13 13:03:22.504541] Update #1019: HYXLUpIqWFlVoNUHHrphad5oi
fvLY
[2026-03-13 13:03:25.779780] Update #1020: MD8AXhhqm3vQkUTTuvbHKxG8zw7QBR
[2026-03-13 13:03:26.883330] Update #1021: pNPg8vFJHbdfj4yuum0zLn2FwuzgG1
[2026-03-13 13:03:30.193969] Update #1022: Wkhct7GeFDH7
foULBI4vq862znyiy
[2026-03-13 13:03:34.525688] Update #1023: uJxhnzBV2lNo1dsQrFUrrGB8ratSvz
[2026-03-13 13:03:37.789417] Update #1024: aAvuG5hyERPWM9J89fLYgcBCbAn2uj
[2026-03-13 13:03:38.892985] Update #1025: 
579HIiD9hmVagQ5zvPqEYudXGU3by
[2026-03-13 13:03:39.991709] Update #1026: HqA6qQJjJHIkM8xgBNDGe0nl
n7rSE
[2026-03-13 13:03:42.172916] Update #1027: KppOE3K1p6LPPqjRTmUQVw1INXC9qS
[2026-03-13 13:03:43.263256] Update #1028: tT
KS5TLCKppzMzSP
k2PHO0WQZIz7
[2026-03-13 13:03:46.490216] Update #1029: UzTp1kSqZhYnkcq47wQgYEqIzvtXag
[2026-03-13 13:15:29.221889] Update #1030: edShWbjgDdMWQKmDtSXs2W7eTgAJ0V
[2026-03-13 13:15:29.223248] Update #1031: S9Et3QEmuFcqtXRF6qDsrTIPtyAPlF
[2026-03-13 13:15:32.481857] Update #1032: 6F6ZBRFYaEJ77GyVjMn7oFj7BqHcKz
[2026-03-13 13:15:32.482236] Update #1033: anS3UYhIpnbc6VN5bqofIkYFaWdT
z
[2026-03-13 13:15:33.576084] Update #1034: VGgoFy0MZe9xWQGA9HK2rJDO65WnEe
[2026-03-13 13:15:34.652157] Update #1035: 4KgLkvZ8QDeP6BrcjtD1GQifzXm1J9
[2026-03-13 13:15:34.652744] Update #1036: Tr7Jkh4sA6s4Q8o7O6Yh9xfBfPxLU0
[2026-03-13 13:15:39.024631] Update #1037: 64YWCiCbdGZD3Qy8SS2KfME2lCcU19
[2026-03-13 13:15:41.195040] Update #1038: 4ayYktYx3TdJPZG2KWo8AiuE7YnWH1
[2026-03-13 13:15:43.388648] Update #1039: WmhVB6hfigSowKMW0JkBg1v3CJAXBR
[2026-03-13 13:15:46.639909] Update #1040: rcQNVshsy2GwuBiNM1JNWOs7T86Wg0
[2026-03-13 13:15:48.839509] Update #1041: j6cAnpJ2KMiFAMtFpAEa73wWVVkDqO
[2026-03-13 13:15:59.781691] Update #1042: 88ImTq8JvWBwOxYoxcfsWyH9S62jBU
[2026-03-13 13:16:00.885468] Update #1043: xGqVnLWFLUR
4FIO30zjwOkLJOSmXO
[2026-03-13 13:16:00.887579] Update #1044: 685
6IaSjxNTzPDxDdA4l670CSJNau
[2026-03-13 13:16:03.075472] Update #1045: oQIadvL1
ZQpDtZ06NKREujbCSnGNp
[2026-03-13 13:16:03.076070] Update #1046: 115ci1EzzaNtLgOVjd5bRXCN3j24ua
[2026-03-13 13:16:05.246715] Update #1047: RD0r5ZhtKFrTL6OngkpsQNtrzklweV
[2026-03-13 13:16:08.498733] Update #1048: QfFYLVgj7wFROZKo
ys
do7TjgyY2I
[2026-03-13 13:16:10.674521] Update #1049: BC40EhyMTekP0Fphs0jlxTDU
RESfT
[2026-03-13 13:16:11.764694] Update #1050: L
KkXfVBW7Mb8pTpj3mBFKucrSp1Vs
[2026-03-13 13:16:13.956434] Update #1051: CU
dik9vwYV5R7Qlg1YFEO6TZZLz6J
[2026-03-13 13:31:45.030726] Update #1052: 74WSrtVrz3uR781slbth5MjxlQkn5Z
[2026-03-13 13:31:55.922456] Update #1053: lrfUQL5xC4Ea8J5ls6LT3ybaE5IXPV
[2026-03-13 13:31:55.923848] Update #1054: 3vg238OhN8Hi1G7N6WDM63vxg
zFwY
[2026-03-13 13:31:58.085344] Update #1055: n0ojAfy27JVydMu6rnj8ntD
H20Zmw
[2026-03-13 13:31:59.173679] Update #1056: QN6qq5n9gPJRQlN8VmGtJeaxZR1EPZ
[2026-03-13 13:32:03.487941] Update #1057: wmCp4sihcaV71s4WTGxIQx9TvT6oCY
[2026-03-13 13:32:03.489401] Update #1058: aR
9NHug3U6S71wUeZKwwjkU8v1BwD
[2026-03-13 13:32:11.120132] Update #1059: FsCu06y3B6b646OYvPA9ZhlTqQdH8u
[2026-03-13 13:32:14.399384] Update #1060: ulV3divDVTsdsvk1
HBNk2tXSNIdug
[2026-03-13 13:32:16.574172] Update #1061: qfpgVA8WE59YZfycqiJHUZZh
1r6eR
[2026-03-13 13:32:18.754088] Update #1062: eDIkLstBLkJDALBxdCe4iPKm9a7mKX
[2026-03-13 13:32:23.081332] Update #1063: Ys1Vz0x3WDYyLDRhTkXLJh8vapzi4Y
[2026-03-13 13:32:23.082079] Update #1064: BDPsfi7Bz
YxrFHRydxNZXoUUxzeCg
[2026-03-13 13:32:25.268944] Update #1065: urmqdrkTZmoy931ZaH2IBAJr3qiflc
[2026-03-13 13:32:25.270077] Update #1066: LHl6Dwopo0eKJvWlNctiB3CpEJW08T
[2026-03-13 13:47:55.275375] Update #1067: NYCGYWrU3BP5u68CBnisAkSTau44Gs
[2026-03-13 13:47:55.277622] Update #1068: fSf3
38gIzlosLOWA7kGT
514Q06Pa
[2026-03-13 13:48:00.767933] Update #1069: JXiOCtxs04HU5mPDbv3CHv5g1Bgsua
[2026-03-13 13:48:01.870869] Update #1070: QUYQ5mkQkEXlwnDSE6Y1d9etqqUV6j
[2026-03-13 13:48:01.872490] Update #1071: tdLF
1fbCm6OT9fLOriS1nXJwcb39g
[2026-03-13 13:48:04.051679] Update #1072: tj
d

HC5j6R150YAywsQR1r6Xjh2O
[2026-03-13 13:48:09.362072] Update #1073: p9PD5
JaUiMDLdk5QxDCWrOEjMZb68
[2026-03-13 13:48:10.454621] Update #1074: 
TGKuNVA
PD8TQ54Hp3TdFWfESnssf
[2026-03-13 13:48:20.294342] Update #1075: Thz2rAlJvMqWmPrn87qRYtbxLJCgbu
[2026-03-13 13:48:23.584674] Update #1076: HWZQMYNENURzl6u6acOVdWEGmEcz9C
[2026-03-13 13:48:29.031987] Update #1077: silNDseLbwAw6c2jtXHhGJQKPymJRo
[2026-03-13 13:48:31.227862] Update #1078: lUUt
AeK03BKGv6OAGVldabUk33ZIp
[2026-03-13 13:48:33.410039] Update #1079: iHVfLEcctphYSqG2HH75setITGI
zZ
[2026-03-13 13:48:35.601416] Update #1080: Scwp6v6UlaWJzX8MzcZkaXjr9RmBur
[2026-03-13 13:48:37.780597] Update #1081: r0LzGZ6kCAtWQ5xHzL88ITorZ9YATH
[2026-03-13 14:04:09.011046] Update #1082: uNgkD
8E30BcC7ve8gFjoNDwo7Z0f

[2026-03-13 14:04:13.356778] Update #1083: putajEDEL
dVTqDOzinRzLNRf9AgDl
[2026-03-13 14:04:14.454755] Update #1084: Z0MF8xuOjvwrN229Sm7dyeOWl8T84l
[2026-03-13 14:04:14.457193] Update #1085: kgHly7J2QIFWBVeI7ewK5AxdzhVh4k
[2026-03-13 14:04:15.556328] Update #1086: xBpGbTxo3G4zH1AsKrbIg3XcmlNH7l
[2026-03-13 14:04:17.737265] Update #1087: 7OHKs74yHErLJWoixrx
h0N5Nmqixy
[2026-03-13 14:04:18.816614] Update #1088: i9gpkkORjSrj8QUlLscPfn9ijOlEhk
[2026-03-13 14:04:24.246353] Update #1089: m6
i5Vu9Xq8j
OGrHR
tzokzuUPQUG
[2026-03-13 14:04:25.351680] Update #1090: xrVn
QG4m7t
8P1irl6ozPsbWLqHex
[2026-03-13 14:04:29.507156] Update #1091: eu64yjjdNcXasJ8GVC6XsoxVAHHh4q
[2026-03-13 14:04:36.028947] Update #1092: rbv0WB7hhgD0LvX
UHeEMkaFyngOeK
[2026-03-13 14:04:37.127802] Update #1093: gXETCCH1k1kdb9J8DJ4DzXhV3thdyR
[2026-03-13 14:04:37.129448] Update #1094: ioozC0f8RelgHsr4ZpDcpdy
xIXeWi
[2026-03-13 14:04:41.466315] Update #1095: x5Gc3UGRZdQNXkCGaXty33PhViuVNC
[2026-03-13 14:04:45.821229] Update #1096: uy6JwElCXqvDctVj8UvqsLxZb29E
k
[2026-03-13 14:04:49.058277] Update #1097: JX02ExE
K698OgeC23FuxTXkRV1psl
[2026-03-13 14:16:30.483338] Update #1098: dO2eizRwOYL5LWZXW75epekTzrrmuV
[2026-03-13 14:16:33.768293] Update #1099: EzmwjdsGed0o09TxdfBn0iy
67RSBR
[2026-03-13 14:16:37.031455] Update #1100: JwMKIJ6N
qHrhKkh
IXHyBPoEfbhX0
[2026-03-13 14:16:41.426866] Update #1101: YlCVsGNIah2LNyjouYcQrXAHOT59E7
[2026-03-13 14:16:50.110965] Update #1102: R8wIjHO7kyQYpdM8KqtzOyAtwwMHJL
[2026-03-13 14:16:53.380777] Update #1103: MAEdVCtKnXZd3oNWP2SeSEHt1VtN9P
[2026-03-13 14:16:55.560269] Update #1104: GmPepPGgbQ5HhZKQ61u
REUu6CVgQr
[2026-03-13 14:16:59.927424] Update #1105: CoRUfpmHRJ6Db
EnnfxwU3tXETrfue
[2026-03-13 14:17:02.131030] Update #1106: lDdCfgelDubzxB11FXFfxqeg4yS
5w
[2026-03-13 14:17:07.590665] Update #1107: rE
4d6ctZKm4X54PG38VQDXL8ZiWze
[2026-03-13 14:17:09.754410] Update #1108: 46cvS5IOeZKnABl5s0TVx
6XmjHaK1
[2026-03-13 14:17:11.933285] Update #1109: 
XvTMwMeQnks0jk55Rd3igvBLThBqE
[2026-03-13 14:17:15.192075] Update #1110: WEvQvd9NREeKcxC4uhQ6A7OmCLfAuS
[2026-03-13 14:32:45.581210] Update #1111: D3ivhrENkwBGs4rcFP8Wg2kk0gGYDK
[2026-03-13 14:32:46.684639] Update #1112: XH0w
ba0xQmVFBfBzVBacbfSJXGl2b
[2026-03-13 14:32:47.784308] Update #1113: M5S803gTgmjK
HE2ZgGyNYXDJbt1HK
[2026-03-13 14:32:47.785912] Update #1114: HOO6AOvChwZUq5M7U7rQzt5abWWnip
[2026-03-13 14:32:52.143366] Update #1115: AHdWVASM1yoDRSV0fGZeE90Axibcbe
[2026-03-13 14:32:55.397115] Update #1116: RKE09dvajxP4RTFRqSsXH9KsFszuY1
[2026-03-13 14:32:56.498413] Update #1117: Gnsc0sUYCLI08EoZiuAWRYDfchFz4l
[2026-03-13 14:32:58.652382] Update #1118: YFvAZn4zxo1yoUnFsFeiQWfrWO9G4r
[2026-03-13 14:33:00.852271] Update #1119: KAdMcf4QgZASqy
NbrJlmFxryQAjNg
[2026-03-13 14:33:10.646855] Update #1120: ZYfcEjCTdLaSCcD0gEqi8ehmOiZEch
[2026-03-13 14:33:18.098490] Update #1121: e

kJS2i
Vkqa2JQ913uvlDeb59t23
[2026-03-13 14:49:06.907651] Update #1122: ssHwkq0TDgHrI6TMVvPaQKmRxwHNYr
[2026-03-13 14:49:08.010146] Update #1123: k5H89ifB8aJ6TvqKuEOaRemfDzOjug
[2026-03-13 14:49:10.191290] Update #1124: L1aCeuue88I61dyfzeE9cgsNiH4mon
[2026-03-13 14:49:14.555615] Update #1125: PJArvR9GMgOd6KUlBBFoU8O9DvvYmm
[2026-03-13 14:49:15.657607] Update #1126: TLybTfrjGeEs5QQf8mwSyVC
cy0otZ
[2026-03-13 14:49:16.737040] Update #1127: WVJj64kAtJ9TYn38qdHnPQvDcFbYJ5
[2026-03-13 14:49:19.990436] Update #1128: NJHrxkIFLO8Jsj8kg1XiPSvy
XJmD4
[2026-03-13 14:49:22.189217] Update #1129: XQTXcFbN6dXWAF1IpNVmJhD2gVKCWJ
[2026-03-13 14:49:23.281708] Update #1130: akGV0zQ2zS1Mwy8R75nOjv8PZb3906
[2026-03-13 14:49:25.479905] Update #1131: 1CA87kktgMqs9Cp9EaMBOFn0uSSCpx
[2026-03-13 14:49:25.481485] Update #1132: q2GG3FAFNVO15GbjQGdVoH2bphJ7bt
[2026-03-13 14:49:27.658233] Update #1133: aknzDJtgEtLqQ
efiD0hx1Rp3xdayv
[2026-03-13 14:49:28.748209] Update #1134: MtjMgNpjOjewYFc79WInfGqvU696tT
[2026-03-13 14:49:29.852804] Update #1135: e2Pd4MYYyd6MgcuVAhcUdKKhcezglT
[2026-03-13 14:49:30.944771] Update #1136: FYLaLF4n1ui3H9ftuLEex9p0soVy8p
[2026-03-13 14:49:38.598191] Update #1137: Ruqy6NmFzLLZPcL8wXW85TzrbUqGnN
[2026-03-13 14:49:42.942374] Update #1138: wVcUXKGdYc4uUYxybmodHjTHSA6Giw
[2026-03-13 14:49:49.430484] Update #1139: m6VtA0RQtTUki2fUX1QA7p8Kjwnpvu
[2026-03-13 14:49:50.530904] Update #1140: juWELHy1CqaLc0jsTviVadZAvY9iM7
[2026-03-13 14:49:50.531360] Update #1141: mhPTrrm6LOMaZbVZLjdx2Ygc27zRPG
[2026-03-13 14:49:52.704059] Update #1142: BcOtmlkGoCsdoaFu
8QsX2eD0bJwNL
[2026-03-13 15:04:13.347539] Update #1143: Zvt3LCC
mecH41FwdGv5KRooD8sip2
[2026-03-13 15:04:14.432791] Update #1144: IGROEcya9JWGIbK6DsK063iQbO5F9B
[2026-03-13 15:04:15.510870] Update #1145: 8qzeI81fCcrLy4gkoEv325AolEPDLb
[2026-03-13 15:04:16.612482] Update #1146: xhEoEZMupodYfFWlPjJIxBZ9YvvNRB
[2026-03-13 15:04:17.706104] Update #1147: YSc3unPQXVSlKDR0zb7n2d7IRW3IaE
[2026-03-13 15:04:18.807048] Update #1148: mhi48wcu3bhYrGQjGRWESc90hexvm3
[2026-03-13 15:04:18.808672] Update #1149: sy3K3CgoxjV3Wq
3afDcmJuH1cZwHt
[2026-03-13 15:04:19.895365] Update #1150: akabHEAXcvwv8yx0oa8QjNpvgp4ukw
[2026-03-13 15:04:20.985650] Update #1151: q4f
3z6tNMkghw
wZCAfVAG8aGdkBd
[2026-03-13 15:04:22.073014] Update #1152: W5ha3MfNDGbFqLHXRL0NbDKt03MC5n
[2026-03-13 15:04:24.223529] Update #1153: wZhOccY3driEKtTxTqqXaNRxwHwm0l
[2026-03-13 15:04:25.302567] Update #1154: JA8I03tncf8ZhSZKlYBgtDAjTaXXO0
[2026-03-13 15:04:29.692190] Update #1155: KWfgP3urafoASzYZg3njr7D
sduxwI
[2026-03-13 15:04:35.147012] Update #1156: WhJ5lFqMwXyPk53Hr3y4gpOeI0ngUT
[2026-03-13 15:04:41.683758] Update #1157: jgGZATnZkM6CNy5UFtMeuK
vhvgGiw
[2026-03-13 15:04:44.962318] Update #1158: dSAS1QHQoCLlUe
byeY
EUzXzQEW
G
[2026-03-13 15:04:47.140349] Update #1159: Q7iN7
Ryhn9Rh2VxXT
c2PMF5vTEHv
[2026-03-13 15:04:50.416827] Update #1160: TgwCLaYP
vmjLQm8knRz0qSeHztZDB
[2026-03-13 15:04:52.615421] Update #1161: m5cs08Q1t1TnP4QU
M44eBxgORolvA
[2026-03-13 15:04:52.615990] Update #1162: zTlCMil5E9uEahX55hCYSveHaa5Jt3
[2026-03-13 15:04:53.715406] Update #1163: eCIfUIMA
aIUmoXUtGIoQtB9s5uang
[2026-03-13 15:04:54.809865] Update #1164: 9SwR8OB4
b
xdQtbPizbwPCo01SWJa
[2026-03-13 15:04:57.001024] Update #1165: 3eBKj1jIhaeyFtGTVCADWnILpRXhtu
[2026-03-13 15:04:57.001616] Update #1166: L7h2AzjAGph
khQqw7U9oeoA84Tk5B
[2026-03-13 15:04:58.102370] Update #1167: EbfffoWOvR9ym4WHRKbMHHFRdIl6dI
[2026-03-13 15:04:59.195717] Update #1168: BmGnrxE1g
bhx3pVhOwXXI0cDqOuPD
[2026-03-13 15:18:01.346721] Update #1169: 3R04umfUrIfKkYAkoIVnlzhPuGrSD

[2026-03-13 15:18:02.449748] Update #1170: 8YFnZK2k0xn31ReWbhFvx7ihrOkmE5
[2026-03-13 15:18:03.526886] Update #1171: wuwXa61f5xxb57I0dP2enhAxdWUy9R
[2026-03-13 15:18:04.625579] Update #1172: IsL3Xae4vhpty66yj0cyWla9
46sP3
[2026-03-13 15:18:12.216372] Update #1173: r3ldw5Xe4Ajl4Fo1p
5uvNokaF2fLQ
[2026-03-13 15:18:13.318301] Update #1174: NUFHcQ6AKFUJvSliwWjtHxMq31EutN
[2026-03-13 15:18:16.588076] Update #1175: KEA2ITKiRhoc5sSj
JYGG61YmNWoEh
[2026-03-13 15:18:16.590297] Update #1176: LKk7xXbpeuZ8JVuQcVB2MBPquCylkp
[2026-03-13 15:33:46.691180] Update #1177: iOvHRL6EyoO9FKvfATAxzJ1ZXsRWHs
[2026-03-13 15:33:48.867657] Update #1178: 
aSyOv5EaxFO2qAHKccyVgY2dSQ7DU
[2026-03-13 15:33:49.944024] Update #1179: gfa8AcKtdUFhvuhH7lxlLDc6EMrKR1
[2026-03-13 15:33:57.578745] Update #1180: cNNL1MTisUlkGD3k0q1H9XzuQVzJ
n
[2026-03-13 15:33:59.746906] Update #1181: fEw68Mve1OORIskUki70Rz1HNLrAiv
[2026-03-13 15:33:59.747723] Update #1182: f9W0AGutSXgc4b2xeH2CyZlz6DpEps
[2026-03-13 15:34:02.997244] Update #1183: ZtkpDNrnsD4P2dwrufFXioIub6lsv6
[2026-03-13 15:34:04.089565] Update #1184: azF8ljtdtL02bok3sUYIFHFGv
xtTS
[2026-03-13 15:34:05.190467] Update #1185: Fm
He18BAPf2MJcPNSxbtyKBp4vmGp
[2026-03-13 15:34:08.500856] Update #1186: lF0EnDFD75TWIEF3i9CSz
ljwp6dMO
[2026-03-13 15:34:10.685125] Update #1187: YPdnqjh8YrOxiNBvR0d9X2dV6TwoaH
[2026-03-13 15:34:12.866161] Update #1188: OivsDFHbMpnYw6W2QnqPNzwXgvAm48
[2026-03-13 15:34:13.973384] Update #1189: A6TOOWSEVYgMmY6tK6TZywCmrIgKyc
[2026-03-13 15:34:15.049399] Update #1190: D0kmp8C0EVLFA78JzWnD
oDykoKeHy
[2026-03-13 15:34:16.138245] Update #1191: VYVLHQhK7eu
acTzESiZu6k6uRdqPG
[2026-03-13 15:34:18.329051] Update #1192: KA71r
oq0dkp6svJTySbxWplhAnQf

[2026-03-13 15:34:26.232614] Update #1193: IY0XKkSrobroWT1VzDz81uFrWglsZZ
[2026-03-13 15:34:28.446568] Update #1194: 9zhJbZe3Iu
IU0RruKoltnLJeeF0GL
[2026-03-13 15:49:59.500250] Update #1195: gHDsiJ4GYfRcMe8yOp5aJeje5SWzi8
[2026-03-13 15:50:09.331318] Update #1196: 0AoKIUu2KcJGm4hQpvzxdzyzlV7kLD
[2026-03-13 15:50:10.432490] Update #1197: n0y8zVNzpoRvuiMarspomtXblU6aNq
[2026-03-13 15:50:11.510544] Update #1198: sYuORHeLMfmT5Drpe2jNJZqtJRIXdz
[2026-03-13 15:50:12.610291] Update #1199: iYz3kwnrEoVAp6QG304xEsvjBjUCxk
[2026-03-13 15:50:14.782935] Update #1200: 1UeN8wzkpOTLbu
2JMUhxdMlN91cDB
[2026-03-13 15:50:16.962463] Update #1201: bEohLZqgk7ScZlq42Q7YRwjdJDWUh8
[2026-03-13 15:50:21.337964] Update #1202: Bp1JbFeN16nZqkaQ1uB7C1yRjjXjXa
[2026-03-13 15:50:23.542712] Update #1203: o02nL54heHKH4dDHODh8PnttEX0Opc
[2026-03-13 15:50:24.634397] Update #1204: so9ceyB11E1eNOT9KaEQvt6uUihxF1
[2026-03-13 15:50:26.814666] Update #1205: lbvavV9x4cxoHWA7JBStUIcLqxCns9
[2026-03-13 15:50:27.918882] Update #1206: xREOOVK6JRFTJSz5ZUMaaJY4I4CdKn
[2026-03-13 15:50:32.252126] Update #1207: XTzLk3L9ucX3gJcHAhgocjU8uuRKRM
[2026-03-13 15:50:36.592966] Update #1208: 49vWSM
P1wZqKMAtk1QYYX3uVSFA67
[2026-03-13 15:50:38.785516] Update #1209: mmneRStiTW5lmMa4xZCwe
L8jBInvb
[2026-03-13 16:06:48.342044] Update #1210: HNb3n9XXptnV2536ogkH2yOpnV2uef
[2026-03-13 16:06:48.344588] Update #1211: PRGy4RDEezz5HkptPeTmNRFPOtNf47
[2026-03-13 16:06:49.446302] Update #1212: gnwaj7b
RD0MS1ww0wgT
0KwKQpLq3
[2026-03-13 16:06:49.447927] Update #1213: Vt3omkusJLVnXNibT63B3dnmU
cb28
[2026-03-13 16:06:50.552179] Update #1214: 09QySwSUftVpck1vwfTANFEOOvNf90
[2026-03-13 16:06:51.655475] Update #1215: x4K0sJj0U6vGyVzmyI4Iyl4XjzkagR
[2026-03-13 16:07:00.386864] Update #1216: I
BS3iDt8jrg6NUnQCvq3VYoTY
iI2
[2026-03-13 16:07:01.487202] Update #1217: 2xvpRBUh9af1NO2WRvMeYIvN
3xqSN
[2026-03-13 16:07:01.488012] Update #1218: Z02FkKpEqn4QyXnK7oMv5aFvVYXroW
[2026-03-13 16:07:04.778942] Update #1219: dHHUHtU8vgY9SufDUJdotmeEQ2V
Vg
[2026-03-13 16:18:33.719953] Update #1220: DMfDNq46BdttdweS6eSefclLn8RGky
[2026-03-13 16:18:35.914698] Update #1221: izCe870ViObXyVVVhs85QbfVP1bJpQ
[2026-03-13 16:18:35.916275] Update #1222: EWH8BoYaLuKNL7dbRHADG4gQapG0LE
[2026-03-13 16:18:37.016351] Update #1223: G
5UrOWv4UO699Ls7RuY3S
htDeTAu
[2026-03-13 16:18:40.297392] Update #1224: COKtyCZsBPb9t8KPgJccUQf2TaxL5I
[2026-03-13 16:18:43.593523] Update #1225: I2v2mXUXH9
7tzI2icu4sirIeDUt0P
[2026-03-13 16:18:49.035134] Update #1226: 9znyz6o5K2vl318uDMjRt0fJe2wWqs
[2026-03-13 16:18:53.402933] Update #1227: I
29wpcJB66dVLTDf719pveVU9zzlo
[2026-03-13 16:18:55.594590] Update #1228: 6nUFfH4apfVu3bznzg6oZcGMIuLEoM
[2026-03-13 16:18:56.670566] Update #1229: XZdYt0UwgNMZyCAnU5srz8sKww5CYS
[2026-03-13 16:19:01.071433] Update #1230: 3g9sIiD3PzG6E4kkdDEXEnqWOtxZWP
[2026-03-13 16:19:03.234019] Update #1231: FEs7T0OrPL2oHTZurgO3Z8
n3Fgyvx
[2026-03-13 16:19:05.411662] Update #1232: bPzUlZ2fKoUHPWnU0Ck
5n4DfVtM4f
[2026-03-13 16:19:09.814289] Update #1233: OQDiS4wvFrrdUG2lwkrT7VLKTjCNqR
[2026-03-13 16:19:12.005467] Update #1234: wBrLZ
HytCA37Vp1EsfFIWLAsIdcj5
[2026-03-13 16:19:13.081209] Update #1235: EtO0v3ixBzHrBVyP9uSVjCdQF1STXm
[2026-03-13 16:19:15.235170] Update #1236: KgggPVZWhldLT1nJmlc4K
EN
LTbJm
[2026-03-13 16:19:15.236733] Update #1237: e0GkeEwRrvOIBXljxZ4veYfbtWn9LD
[2026-03-13 16:34:47.425531] Update #1238: YVe2AZzzM1s9NxS7Zcg7ykQxnK3yM6
[2026-03-13 16:34:47.427887] Update #1239: Om8X6Zte9wPSUxd43MkSkuzh77mDrx
[2026-03-13 16:34:48.529039] Update #1240: VBLPb0KVhsMcKCgx8dPOzJH2pfWI8z
[2026-03-13 16:34:50.680737] Update #1241: XhR0tKECMvUpS1zfB33PGS4wut2IpJ
[2026-03-13 16:34:51.761717] Update #1242: PWYZVayFNKOI6vkbRNIgBKGwnMM4Vg
[2026-03-13 16:34:52.861118] Update #1243: sKNv9sCaUoyfIjYEvmXXFAWkc7BSjr
[2026-03-13 16:34:56.101177] Update #1244: 0GRPBpm2c1beQqylTb4K8gwVmkxXxC
[2026-03-13 16:34:59.407761] Update #1245: yyeH3VCESK306pB4VsDtr7zkoYQhtk
[2026-03-13 16:34:59.408297] Update #1246: oc714U0DGjyT
N64dS6wdXDIfYMvxQ
[2026-03-13 16:35:00.507368] Update #1247: 4m9kf2jeWbzk7Xd
foqXTgAWOCptij
[2026-03-13 16:35:02.663375] Update #1248: WPCudXskoXc4OhppxeXXk5pPejQ3W5
[2026-03-13 16:35:02.664014] Update #1249: b1QHN4XOu0SM10YqHKwZFD9byt
xcq
[2026-03-13 16:35:03.762473] Update #1250: z5Za1OG3Q9FKGwdVt6oNy3U7UrevIn
[2026-03-13 16:35:05.932452] Update #1251: DtE2Wjc8qjjIw9sxmeppevAUBAHn
a
[2026-03-13 16:35:08.106142] Update #1252: B9coIXPwIu
EGH1ZYQlL7GBHDUANn4
[2026-03-13 16:35:13.538293] Update #1253: L8XPgmxuQ5DPUhVZ6qg3
XvUfrMJAW
[2026-03-13 16:35:14.639346] Update #1254: GiSwk5dTxBFtxOa
0dOPNxHJOaVsKJ
[2026-03-13 16:35:14.639877] Update #1255: A3Mb9GOnNHdtTUwkG9hrqG8IY4cEVh
[2026-03-13 16:35:22.272139] Update #1256: 9L5RYPkNGQIPESNe8QnhwN2H4A801w
[2026-03-13 16:35:24.453167] Update #1257: gEHfjCOuSOo42AKCew4a6BtUdC0wYm
[2026-03-13 16:35:25.545437] Update #1258: eAzqmh6vqUQBlDIvbOUvL1FArJUpSL
[2026-03-13 16:35:28.828086] Update #1259: LhaGLB7KMW14DrZ2U701IYhnQNVfUA
[2026-03-13 16:50:55.573054] Update #1260: wZw6ovEMX91RWJZ7akJDLraScssHVY
[2026-03-13 16:50:59.997418] Update #1261: BBrgbe99OIvOG6o4geCSZtDO9QdckJ
[2026-03-13 16:51:01.073012] Update #1262: X037isciNX8nrOG29ssqpTSDvoH2gK
[2026-03-13 16:51:03.239530] Update #1263: vXEyrGd8ks5yIxvXXAbcoRi4PrNdHf
[2026-03-13 16:51:07.573385] Update #1264: Z52hwr4cTF826gyJ8aAXDbr6ZY0Djh
[2026-03-13 16:51:10.832453] Update #1265: LRcYGcdTO6AO7la1VWmvSC4GVATE
S
[2026-03-13 16:51:12.985526] Update #1266: gVR8Pr7n5xBMJRhJsmWofOwSVJnj8i
[2026-03-13 16:51:17.328380] Update #1267: PQxoChYZTWAA2KEcWCGG
zgGw9N1Ya
[2026-03-13 16:51:19.516578] Update #1268: 5iwR6MC8cVSQc
CKnjTyWRZj0pa6nA
[2026-03-13 16:51:30.439688] Update #1269: mKHCcqxZ4RevUrcCq4LIUj54X724Xp
[2026-03-13 16:51:33.694179] Update #1270: Ubn7WFrbIFdwFbZDh8vb7fTr5fCB
A
[2026-03-13 16:51:36.920302] Update #1271: s54XzP
IqFC1zUGwUwje9E11elQ1Cj
[2026-03-13 16:51:41.273903] Update #1272: njWRU4s3lm6dLjrNH8KLUanuJwIxI8
[2026-03-13 16:51:41.276186] Update #1273: Ya2x10m6AXdytOCUIKczxjHkzWkLIO
[2026-03-13 17:07:40.381976] Update #1274: wTFMADfioPlVipUl0QlB
sVRDjqeHe
[2026-03-13 17:07:40.383579] Update #1275: QaZIXVVj1jtOiWwGAOhIrPcM9aIREw
[2026-03-13 17:07:41.486824] Update #1276: tJY2QjvSLiN8GgTzS5PkS
saV3Qfwv
[2026-03-13 17:07:44.756310] Update #1277: Phb15d6dlxVpCl8F3dbVpPbgDOqjgW
[2026-03-13 17:07:46.938039] Update #1278: vwM39uwRI65
1xyUgfAZXvxnTbVncq
[2026-03-13 17:07:50.195025] Update #1279: juObGZ5L6s8utZWInA8KPnKEhf7IgL
[2026-03-13 17:07:52.401937] Update #1280: YgLDYqFHwRHfubCqaH9a7FsHeYoKKv
[2026-03-13 17:07:53.484645] Update #1281: iwKt
362OKn
2w6zhNFMdzGvkwH8Vk
[2026-03-13 17:19:32.934092] Update #1282: i5WvGVufejCoAaSM96pDAE4alHU4hV
[2026-03-13 17:19:32.935683] Update #1283: ml7xOKNfL4aASJM
F86t0VMfTpwmul
[2026-03-13 17:19:34.025003] Update #1284: nfyrhydHvQsSKmq8hdkKhCW8JXv3M3
[2026-03-13 17:19:36.205303] Update #1285: 23HDGX5fKwqEz343fOchgjb7eXruWg
[2026-03-13 17:19:39.448654] Update #1286: 30cuifQ8DEgSQ0L7Itvr0HEfJJuguY
[2026-03-13 17:19:50.292903] Update #1287: XSWVMxBojCWEkUfU1BGKwLrWctthkF
[2026-03-13 17:19:51.388642] Update #1288: 6meTCllX8xPoeBHBZdlUHHCLwnzF39
[2026-03-13 17:19:52.477639] Update #1289: Vng2cXNx
sS
FDV2sC2NPejLYZd4Q0
[2026-03-13 17:19:57.947878] Update #1290: SmJGBLGJzjaNFWpBZImD9yYSSIDErz
[2026-03-13 17:19:59.050103] Update #1291: gwGBd9csA
ok2Xemt
QvAv5PosDjOw
[2026-03-13 17:20:07.890744] Update #1292: cfl3VRuyh2sHCe

KCMCU0qNOzfFyQ
[2026-03-13 17:20:08.994794] Update #1293: azglpMz3tl7Aqy9fEZQfW
rFGKUHvH
[2026-03-13 17:20:11.167850] Update #1294: X2TVKnBzkGqpNZccFYvRaZhFR1Rur5
[2026-03-13 17:36:46.015295] Update #1295: hjwFNDS99e1vgAiPNzthWaoJX3tpDi
[2026-03-13 17:54:28.725826] Update #1296: d3c1U
DYyHrQBtiuI2irXgCApxgSDw
[2026-03-13 17:54:33.058902] Update #1297: y4U7zBzk624vtp6VxXh9gU0rqBnPVC
[2026-03-13 18:20:29.778088] Update #1298: kszgeEim9Jpit9ABTTioG44IUkuzoD
[2026-03-13 18:20:33.046312] Update #1299: EH32zPlWEmnRSb
ZMyO0Yit8Ij8TOA
[2026-03-13 18:20:35.263457] Update #1300: qBeYsw2T3QaFrQsSYb9yi3SuRVNcH0
[2026-03-13 18:20:40.660610] Update #1301: 9VMUvDjuuU0eBFjqQkLQ0wmImVPxme
[2026-03-13 18:20:41.752008] Update #1302: F4yeNpNKbTLI6t7mmvkykArvac8KV7
[2026-03-13 18:20:42.855266] Update #1303: 2lP6DD6G74kLfHJkp9mNM78zN8e8rq
[2026-03-13 18:20:45.048815] Update #1304: Atq7ig4UqAuO6IIaNMSlrEvjgmdSpP
[2026-03-13 18:20:45.050391] Update #1305: fvYr3Y5N6b3gh6US4XG7QJzl8RFL3C
[2026-03-13 18:20:46.140320] Update #1306: 579rdrACb7gJB
gvo8LmXzxHMyVitz
[2026-03-13 18:20:48.340455] Update #1307: fosd258fWiC54Ir
xeZJil0L28YqYL
[2026-03-13 18:20:49.444145] Update #1308: H6eDm3FkCH
MGwjwnMQEQjoVs9d6v2
[2026-03-13 18:20:51.596000] Update #1309: PYXSqhrJmqsI9LXe8fBjdFnEUmBIHd
[2026-03-13 18:20:55.988355] Update #1310: tySQUGpE51iF
1OQc7
oxAyuAgNoPr
[2026-03-13 18:20:59.367012] Update #1311: qzrQeDbYNMOkPEXbMeozQ8UU52loKM
[2026-03-13 18:21:06.999236] Update #1312: nv42nSdPolYc3oEglaTE9z
9maRhE6
[2026-03-13 18:21:14.565850] Update #1313: z6czcdW0ddq0p
9IFBpKlTfVfEecqg
[2026-03-13 18:21:14.567432] Update #1314: aybdL73OytzktT1YnZVlFyxTGxpln8
[2026-03-13 18:21:14.568045] Update #1315: l7JXM3x8DLyOI5SfHMG9PvhG
COR55
[2026-03-13 18:21:15.664448] Update #1316: 1ZdJYzFG97c9uFqMromypLtcESxMaU
[2026-03-13 18:21:15.665892] Update #1317: dDF4IcuZ44cAWnSVHrvtjEP275w7
4
[2026-03-13 18:36:48.829527] Update #1318: IP0joqwfN2PG2Nm5L71S2zOgIBodsd
[2026-03-13 18:36:48.831158] Update #1319: aAx8uEa1FGFGvobA4Tv4yrero9Rmth
[2026-03-13 18:53:40.655425] Update #1320: j9n6BdAj7mh1r2tm8A7nXlbWzUBePm
[2026-03-13 19:11:04.531578] Update #1321: JVrpbHPX716OWX7PWwf7etl2CuantE
[2026-03-13 19:11:05.607163] Update #1322: 9YW3RKigABj9YMqH6ejABvfEpausKv
[2026-03-13 19:11:06.693123] Update #1323: xR3QEsTKZmsSkrfJGjhNf3xwJvf4hI
[2026-03-13 19:21:31.632747] Update #1324: sVfK0vtwXM5vwqVcGomcsciHlX1kCX
[2026-03-13 19:21:33.807731] Update #1325: Iu3jNPYqx2WZDPQkgWDP7vxysV
HCS
[2026-03-13 19:21:35.976858] Update #1326: bwlztEvczxmqsQ66H1g2bJu
IBgxLM
[2026-03-13 19:21:40.304172] Update #1327: 2edOA3bA9kWvv400IsewLGSy2NCO26
[2026-03-13 19:21:44.664651] Update #1328: JcRHlAwU
Q9R949iCKTuK85qUmgEHB
[2026-03-13 19:21:53.107064] Update #1329: qBHYsAnyFhfkxnFXyADQV7LIfiwRMJ
[2026-03-13 19:21:55.277393] Update #1330: 0FGIJ2F6CDF47DrG0uLIwjdnRtQpTJ
[2026-03-13 19:21:57.459698] Update #1331: Ph0LEgqZt3ijxQTMnS0ie8BUdYLOCV
[2026-03-13 19:21:58.565366] Update #1332: 3txKH6NDBdOmy4Z5CHPo5j6q07vCHv
[2026-03-13 19:21:59.655475] Update #1333: YFfH5Mm2abRhwbAy9Y
v1G1DdMDSwz
[2026-03-13 19:22:02.899219] Update #1334: Hw9sKuIWJ73HE37eGHlhKMbOR9q24x
[2026-03-13 19:22:03.991770] Update #1335: klfLyiQbpAifN4UhhszTOy7lSSzj3H
[2026-03-13 19:22:05.085314] Update #1336: KHp
InuNK47FLLy14bKz5n6mvZjZ1k
[2026-03-13 19:22:07.282501] Update #1337: 6KkpZwvhFSEPZ0MLt8
c4KFK8gnczY
[2026-03-13 19:22:07.284104] Update #1338: roTdpEMEXuJlIvJTHaSjyj
kCqMmVA
[2026-03-13 19:22:11.643713] Update #1339: rACq7NYku8GS4MfBi7JmVW7Bx4ULRU
[2026-03-13 19:22:14.923362] Update #1340: SHaZrUCXSVqdC2mVLxu4GVX0Pyb7dQ
[2026-03-13 19:22:16.001706] Update #1341: KmMmbo7K
cGw1Lbnq1BqNTOjyTjuKm
[2026-03-13 19:39:50.471599] Update #1342: 7tVNS3nlBr2iS4NqAQskRtxJZDtQVj
[2026-03-13 19:39:53.770689] Update #1343: kfI2YfZxCitwtOzlyvSeVjyLRADzP7
[2026-03-13 19:56:48.790445] Update #1344: 4MrtoGYRMgkYJco8LyjlY7PJJa5ss8
[2026-03-13 19:56:49.894274] Update #1345: KOeh57KzIUxJWG4TrRlnBLJb7YUKK3
[2026-03-13 20:14:28.572164] Update #1346: VEtinWFOA6FdSPAXb18xPKhH7agC4U
[2026-03-13 20:14:29.674472] Update #1347: 3e2ML8Z46Lz5yW7M9dr
42AWRwmnPe
[2026-03-13 20:22:32.888115] Update #1348: WHugN6PdxMW6Kb4V9ZF73O6Fc0v82l
[2026-03-13 20:22:32.889074] Update #1349: M3oSe95xv48rg8rR3pom7x0ES61p07
[2026-03-13 20:22:33.979427] Update #1350: 3oFEwH4Thrs0SUQK
ZoqgrhZ3RBW8c
[2026-03-13 20:22:33.980977] Update #1351: wI4YB7hmiZeF9vnRMsgrrtBEppkOBP
[2026-03-13 20:22:37.246095] Update #1352: v2FZHWOMUA5DB6g8HBNCM4OSEzrhWL
[2026-03-13 20:22:37.247233] Update #1353: g3gV9g
KUitm8dor5CXBPdh3ocvjeV
[2026-03-13 20:22:39.431607] Update #1354: LhuyxG8y4bLnCMdRG4D4u3FpQi30MD
[2026-03-13 20:22:43.791112] Update #1355: ZcNmz6mmhScZAGMVViuHpDN0bcdvhD
[2026-03-13 20:22:53.550537] Update #1356: CLkNFww3TW8EPDEa6Nhp09PuvOykXc
[2026-03-13 20:22:59.007894] Update #1357: RvXcPaKzv8O1E6mIk68RBRXiM
Zpst
[2026-03-13 20:23:01.167689] Update #1358: izD0Y
YCI98r48vzbdcIrJieCgYGdU
[2026-03-13 20:23:09.852561] Update #1359: 5K
KYM6GuMlvcTWHKSk5Z2LeV0H1Sg
[2026-03-13 20:33:12.550523] Update #1360: gHvmrDb4qMJzsOGXWqOuhbFGwON86u
[2026-03-13 20:33:15.821614] Update #1361: PxshjWAtJTVAbzPVtq25dZUjIs4jcF
[2026-03-13 20:33:16.908971] Update #1362: OJj9Vsd9iaB4N08TbXCqGuJmTBlA0F
[2026-03-13 20:33:17.998671] Update #1363: 3cKoM2ybWCpc9t4T8RdJrHOEKNCPPS
[2026-03-13 20:33:20.177216] Update #1364: iV6nUuVEMarhnldn0e6LvEH0k88RN9
[2026-03-13 20:33:24.513954] Update #1365: qjcGYeEekZeUHcZbaotjfpa6Q9CCAZ
[2026-03-13 20:33:28.878919] Update #1366: 5apEWUr8k6mWfCX9kM1ZgHiV2F16FV
[2026-03-13 20:33:36.314760] Update #1367: GEqFxB1sfpZrFB4SWnIKTkRRCobdRz
[2026-03-13 20:33:38.475919] Update #1368: MZeQfLs1w6nOoLr2ViGFgBCkaZw5kG
[2026-03-13 20:33:39.580706] Update #1369: O0HafasygFRqFrCy7FtIFeqyNncSsq
[2026-03-13 20:33:40.685414] Update #1370: IvNfuD1twQI5hRjCuKi0lvLBpRS5
V
[2026-03-13 20:33:41.786910] Update #1371: xEGCP2PzZIPXF0OTJHiB96da8Cmm1E
[2026-03-13 20:33:43.966396] Update #1372: nVTCVK9OCE5KOw0X2hTbcSGk4cK77A
[2026-03-13 20:33:43.966891] Update #1373: EtxlrhCuKUIKyP
lFqgFUob
bj3kZt
[2026-03-13 20:33:46.141423] Update #1374: daEQrLzJ3hfHzwd1cjvZFjYgOXLUiZ
[2026-03-13 20:33:47.245120] Update #1375: tJApH30Rpb5pLL6OGIfw41cwVhuUJl
[2026-03-13 20:33:52.708089] Update #1376: gAnGJFc9MQPAfd34cQGS1FmJaLl48A
[2026-03-13 20:33:53.797838] Update #1377: 2m5r6RHMYKknqvR5hA8hMBVNAfdZWh
[2026-03-13 20:33:54.901083] Update #1378: w2UTbAytC6tgdl4S94nESuGNpsNlFG
[2026-03-13 20:33:55.992637] Update #1379: 7yf
8OZM9udJfD8oRoYFMmlOQTwa
h
[2026-03-13 20:51:29.042784] Update #1380: RdnXv68E3WD40mTcOD6u6hQp
3BfPR
[2026-03-13 20:51:30.114555] Update #1381: uIizH40SolAYVhpY5K5oTbQaQxNgkb
[2026-03-13 20:51:31.206506] Update #1382: 58c09ekSYHdwlrsoqYmNlVJZRglR93
[2026-03-13 21:08:04.046584] Update #1383: zADnlV3QgiJ5fp3fqMorOaQdJHzzki
[2026-03-13 21:08:06.226094] Update #1384: wrCWcR7bJ7zD4ASdjBi9RwJm6qJrv1
[2026-03-13 21:18:11.277748] Update #1385: fOicBUGBsDGTxrEmMsmoD5VVh6wQvC
[2026-03-13 21:18:13.462562] Update #1386: Hy4NZGX1CfS9vqErKCNh6t4omu8d0r
[2026-03-13 21:18:14.552035] Update #1387: qRBTsNng56
N2FxwNWDqxAkLLB4hLB
[2026-03-13 21:18:15.644996] Update #1388: 920LWEU1RDTmdLl11rC7lpdoJoBU
P
[2026-03-13 21:18:16.756029] Update #1389: 1OaHrGF6acmSDAiI78TmwVlb69QZwc
[2026-03-13 21:18:17.847880] Update #1390: p
U1hwuz7rw5WXPbXoCVF
sD4
Mnny
[2026-03-13 21:18:22.216731] Update #1391: aiHEQXCNZFIUxX6T7NR0QXuNxrR2m2
[2026-03-13 21:18:23.312446] Update #1392: QutgMgFsQ1lNV3ajH1QE8jHDa0ZZdi
[2026-03-13 21:18:24.405153] Update #1393: dqOXhQT4ifVpZlO1EyPyts0uDZUoTn
[2026-03-13 21:18:28.932760] Update #1394: p1lFUN8c6I0dsbD87lUc2lyLRYFyfF
[2026-03-13 21:18:30.009145] Update #1395: BYwqH9iUnPnqWhLxoT1AknfmKcPYKi
[2026-03-13 21:18:30.010686] Update #1396: Pq4UzC8bCDz6VkYJrghHxKpklrKLCQ
[2026-03-13 21:18:31.109799] Update #1397: Qs889WkNdw6hwItL3B6JOG5y6Z9x3v
[2026-03-13 21:18:32.201422] Update #1398: brXvOJBG02qOctAwnPQ6E3nAYLU3zK
[2026-03-13 21:18:33.303931] Update #1399: Q7Wf42V8GxdyNokPc67pf5epNhqbAz
[2026-03-13 21:18:33.304951] Update #1400: cd2aaxVOKzPWjKk
3ytXukyYXlemRR
[2026-03-13 21:18:39.843688] Update #1401: tbD8iMkUUqtD
6WtiBh2JhuMPqX0TR
[2026-03-13 21:18:40.945300] Update #1402: x0IPhtRXPZ0YTQf5U1eCyLDzNvCteg
[2026-03-13 21:18:44.234868] Update #1403: FjcoATXeVVE
D4Oy9HEBxVAFgorbBf
[2026-03-13 21:18:46.438778] Update #1404: baXu4OzdmR3k9hX
h8bvT98QLqScvo
[2026-03-13 21:18:48.623979] Update #1405: TllDpFBh9fQNN305BwnDRteicM1CPA
[2026-03-13 21:18:50.777563] Update #1406: ImHo8R10h8TVUERNAHMEOXV1MF
20w
[2026-03-13 21:18:55.131752] Update #1407: 4
xXWGLhuulYdDJ7VPzVBAQTzasZ1Z
[2026-03-13 21:23:29.818066] Update #1408: eezF8pPy00tY6jcCgUna5NX1OVUJWf
[2026-03-13 21:23:30.915208] Update #1409: vNXeAH4qQ6uFrJpa
V6HbnoBqXzwwb
[2026-03-13 21:23:32.021796] Update #1410: Syh82amiqRrAyt1azkyJOiGAxY9C5m
[2026-03-13 21:23:33.097977] Update #1411: b4we8BXFtLKpljPg390RYOknzF4oin
[2026-03-13 21:23:39.622233] Update #1412: tITBzFBzyYAp6OnIyTNd1aJaB
or
4
[2026-03-13 21:23:41.806993] Update #1413: bPiBHZGxXP

JSp46yXI
DcE7wnldz
[2026-03-13 21:23:42.885297] Update #1414: a4fcdhRTtbGh6etmrH2Zo2XaSjqJJv
[2026-03-13 21:23:43.985701] Update #1415: m779ZhjxZ9U9yj0bkWBsHUC4Y7jPKW
[2026-03-13 21:23:45.073539] Update #1416: 2Ag4bMU7DTRxPVeyAdBrtB7dHd
5Fw
[2026-03-13 21:23:46.150501] Update #1417: 3X2k9aI15nDHXDhGB6MOmVD6DNFoN8
[2026-03-13 21:23:47.237981] Update #1418: 6F8kWTZbC8xzi1NDSqoG8QObxqFFwI
[2026-03-13 21:23:48.344365] Update #1419: SmWKC2rHx83zA4OcJAzPBppWtjUqrp
[2026-03-13 21:23:52.723928] Update #1420: EivgDKfp0AKNpq0p
lQnEHqiv3fpSE
[2026-03-13 21:23:52.724765] Update #1421: 6rcvr5bmG2QtmfRAyKl3vmX9KwlGIp
[2026-03-13 21:23:59.538888] Update #1422: HkMwwrmBgekjQ08z8IO
6b1JksE7Hy
[2026-03-13 21:24:03.952071] Update #1423: D996AIv8ZWojF6a3OLN0dThR08jwa0
[2026-03-13 21:24:03.953714] Update #1424: 5BoFdJmKYL3Vpb6IiuGsZflkd0Be80
[2026-03-13 21:24:14.815291] Update #1425: xjQ26BJIfS8hFMYvUMQQ1gv9cTLveS
[2026-03-13 21:24:15.918903] Update #1426: 0O
KoOW3tRAQisc1JSmQwZRgbIlAQ0
[2026-03-13 21:24:15.921181] Update #1427: fx43nHvSzaiszJLXIXWPfcXwqdWtae
[2026-03-13 21:40:00.124270] Update #1428: 14Ti
GrBZ5qzebO93EdLvfIh3co7F9
[2026-03-13 21:40:00.125429] Update #1429: 7lRVA8H12zl0wEC03J5CnwJOmSXukg
[2026-03-13 21:40:02.321599] Update #1430: XBinVBgI2sZ0i8fIAj4FaHnO7k
To6
[2026-03-13 21:40:02.322088] Update #1431: 
BV1nkAffBjWew38SFfh6hwHq9F43j
[2026-03-13 21:40:05.576185] Update #1432: 3CjnkGg

ag22Sp6XQfmIN3R0OPzVd
[2026-03-13 21:40:05.578895] Update #1433: YSqQkhRw4zK9pwKI19sg8cY8BmhMKN
[2026-03-13 21:40:06.678871] Update #1434: cmoKAv7NvxdcTZnFyRJ1SDBOqE6IoF
[2026-03-13 21:40:06.681396] Update #1435: 7T0maT4e8xSSwqOEC4AwIz
qRKj
qj
[2026-03-13 21:40:07.780428] Update #1436: ka701cfhhqXYinHV9
URxjJ3P4RQbR
[2026-03-13 21:40:07.781330] Update #1437: EhvEsEle5YffHs6vm5GOFvg4qVoZgd
[2026-03-13 21:40:07.782198] Update #1438: ZT
cTnMYGvcDTlaUx4ISZ1AiE2K28r
[2026-03-13 21:40:08.890379] Update #1439: PzttXsQsBxgXvrUWGCbfoEmnOcDY2v
[2026-03-13 21:40:11.057154] Update #1440: X0WyGPRIlJIW68ZCL5zKBoSjVJMssa
[2026-03-13 21:40:13.237359] Update #1441: IjgKotnrfLWKIFYbd
TqEzD8W0
BJ7
[2026-03-13 21:40:13.237947] Update #1442: PRUFV1VJyozJkC94vrdL8HtTetqyXJ
[2026-03-13 21:40:14.339999] Update #1443: W9mH
9QhaYv7oR573QEDjqV4AAibMV
[2026-03-13 21:40:16.520686] Update #1444: c27XSLq9SnNhhG0T8BZSgadylsu
Bw
[2026-03-13 21:40:22.018270] Update #1445: 
jYohPg1JL10FAnlgcrQ4Lk4GCrnCN
[2026-03-13 21:40:27.473764] Update #1446: 7roLrdZ3mRHofrMWN1IjcY1qO1fuCI
[2026-03-13 21:40:30.118045] Update #1447: saoZLsISJE9MYMwxvsKsKf62t4toJ7
[2026-03-13 21:40:30.118665] Update #1448: 6MKjGnQUS5blkthnUudrP4Zwrarnff
[2026-03-13 21:40:33.401925] Update #1449: KrU77QzeZAR4g4TNqP1gPKjR3gSQq7
[2026-03-13 21:40:34.495988] Update #1450: 8syExeS3h8MPIMVGeVZ4AsRjLtnDVM
[2026-03-13 21:40:35.602411] Update #1451: tVrewN4Unoa
D4nhRIUxqiHXdz7P2H
[2026-03-13 21:40:36.708635] Update #1452: EkO7wwZvsvOkKEkSdATWeHjdXXi5A1
[2026-03-13 21:40:36.710086] Update #1453: 9eIzDve7vAgYNthp8e9e7L9PG39Vc0
[2026-03-13 21:40:38.888649] Update #1454: 
lCVZtgmZP2iPSTJlOkSwpZAGy07fe
[2026-03-13 21:40:38.889640] Update #1455: 7zIiZvIKKIipsdqHxm9Vcnnilnpeh3
[2026-03-13 21:40:41.080036] Update #1456: WBjZaFX4
mW2MF64Z67Z0RI
Uf3hPW
[2026-03-13 21:40:42.183537] Update #1457: IGUH7tJvtqsV5a2wBLwV1gkdVCdqOq
[2026-03-13 21:40:42.186026] Update #1458: VMGdAe4FAbCNl8915V6UR6zIC8x3OV
[2026-03-13 21:40:44.381643] Update #1459: Oj6kuvyS5xpN
o09xVl7O8nZ8cY1ef
[2026-03-13 21:40:45.477556] Update #1460: SJSOsIJgD7rRaFK9j01soQ82SRMRi6
[2026-03-13 21:58:12.147824] Update #1461: y6XHfaO1Q6Zl21aMtzDVXWxU214Gxr
[2026-03-13 21:58:14.318457] Update #1462: hTroMOzMN25lTGH225Js1zbw5w18XG
[2026-03-13 22:13:40.170472] Update #1463: RP8mAx8SFymfPtHYU
DVAJuZs78eO2
[2026-03-13 22:13:42.350881] Update #1464: TVPK9yDT2alm
CUv
g66mrCjd99UYm
[2026-03-13 22:13:44.535428] Update #1465: la5U
puedLFcO51jrG2
1YOQ3iu2wX
[2026-03-13 22:13:47.479672] Update #1466: PTJqR4ynS3FatY7VErWbqvtgJlfAmH
[2026-03-13 22:13:49.673105] Update #1467: DxahaoEL0xvDk8ygDvDIhoYdKUrWrt
[2026-03-13 22:13:52.931666] Update #1468: mY9N5LF9Dnj1s6WCaYdfXpXGIbNIcC
[2026-03-13 22:13:55.139655] Update #1469: s4lTTKxrkg0ZhSGbMG7CdeFCgivvVB
[2026-03-13 22:13:55.141310] Update #1470: pZ6zsTN95Eis8gulh1Mt3ozHGr8DLz
[2026-03-13 22:13:55.142104] Update #1471: k5mW9
ulBj8A0EBvL
AdZHgq3O2Ldt
[2026-03-13 22:13:57.320383] Update #1472: puZ786M37cNULbHinQhRXISfxzosDL
[2026-03-13 22:13:57.320952] Update #1473: JN1G6rRm
qLkGqATvef5SRko7mtTSl
[2026-03-13 22:14:00.625356] Update #1474: yuzXXNk0QLRGoftN8XBU8Ef81ypkZ6
[2026-03-13 22:14:06.086545] Update #1475: 59VRa3VXVExQtVQectatIM1pI4KOdf
[2026-03-13 22:14:09.369253] Update #1476: 
nJrzGn80DpTRXD7lMMaqUCskBtO4U
[2026-03-13 22:14:11.548117] Update #1477: oru4BCxDfRmV29iwJ5OEXYXsgosxhA
[2026-03-13 22:14:11.549092] Update #1478: 9bzz2SdSXbF4y5lsPYgz
1X5rbvbpy
[2026-03-13 22:14:15.614401] Update #1479: yLAwuik0wiHwxnV46f4pGb
qXalyFS
[2026-03-13 22:14:16.702002] Update #1480: 1ElVOwH4f5P5JmA7lbp7CRb0x
dZy7
[2026-03-13 22:14:25.393617] Update #1481: ijJjBeV1iUhauSGOndsEWEgHwkvzsC
[2026-03-13 22:14:28.654202] Update #1482: pozMLaxyeeduzpr8i3i9eoKW2aIenk
[2026-03-13 22:24:31.738096] Update #1483: AChnzfqR1wHdzST
4Swp4H8eLh
C1e
[2026-03-13 22:24:33.942477] Update #1484: pnkmbszHWX1sq0tpHUzcm3kQpuAYHx
[2026-03-13 22:24:35.033479] Update #1485: 3KSbvbZ0jFSt9JPSuzy327ctceD6Fw
[2026-03-13 22:24:36.140349] Update #1486: 3g1LPVqHJjFn8C8jyCBo4UB5ef8
rP
[2026-03-13 22:24:41.617432] Update #1487: G9FbEyXTHLtyQLdjc76tWkA
U1xlIQ
[2026-03-13 22:24:42.698228] Update #1488: bbCnCOMZyPqYoSy8LbiubbnVZxkEum
[2026-03-13 22:24:45.991995] Update #1489: jlPdn87ry75yweJWks8wnJMLOShUYD
[2026-03-13 22:24:49.265579] Update #1490: ddDt6TGNCYAsCbfYdRmN5AusLeL5bh
[2026-03-13 22:24:57.974955] Update #1491: HM8mL7ZtKZRSXomqHiR7nYexrSAM9g
[2026-03-13 22:24:59.043069] Update #1492: tadLo4lxxYaSIYITKYt4XRuHSrDLLd
[2026-03-13 22:25:00.135515] Update #1493: S
iNzfMGR
t0si1OQnnuMf4tL8JtLx
[2026-03-13 22:25:00.137003] Update #1494: 2Jm0MTwGwOMr0ejAXIab58VdldV9di
[2026-03-13 22:25:01.240270] Update #1495: dfj5sD3JH9hvNbviw7GeVeAvG
wSJq
[2026-03-13 22:25:10.542851] Update #1496: gQC
Cy0xTBWJjUNxoEOKEuisP05f4g
[2026-03-13 22:25:11.633704] Update #1497: 6emtR41QThLqbE5BhdLOTO
VVNiIIv
[2026-03-13 22:25:13.815077] Update #1498: xMcm1J0Amsr
aPmdnh21UXyRtEHeXY
[2026-03-13 22:25:16.000015] Update #1499: 7NGJKSY4elKtapDT1TuRySoO4Ps5Iu
[2026-03-13 22:28:11.843754] Update #1500: 1sxTuncGXhKWREioLvmkcE2udoUNUR
[2026-03-13 22:28:12.933888] Update #1501: kbOGE75xna8CkWzHTm6BBRNT0uGqYm
[2026-03-13 22:28:17.300184] Update #1502: ZF8Xe6MhcAYVSCYJw8x1YW1vgIs7ND
[2026-03-13 22:28:18.397447] Update #1503: ymQ33Ij1AeO7PgsE7T20RX2nqHTaON
[2026-03-13 22:28:20.533251] Update #1504: T
biN1vcNdkpB2K5UopRxE3XNRSHrK
[2026-03-13 22:28:23.820670] Update #1505: YW59OPsxo6A5dGUXSmtwyvW8S1YQ89
[2026-03-13 22:28:24.912662] Update #1506: nnc7b52G1a47pzmt68xcL53DQtUpFn
[2026-03-13 22:28:26.018532] Update #1507: 4Pp
2JCOJD6ewjs2TEvwAXAgD1VgL9
[2026-03-13 22:28:30.398764] Update #1508: 3A1EXXJdDc9c789qsdA0e2uyGpOf
v
[2026-03-13 22:28:31.502054] Update #1509: RwDK0lkQG4K5hVBOfIZW5f7CB52
Ou
[2026-03-13 22:28:33.691894] Update #1510: mebF0eSgCJu8erU3dLXTUtEPvteCrJ
[2026-03-13 22:28:35.888157] Update #1511: T1VnzRIXtmaFCQDxi9NETi6okk01GX
[2026-03-13 22:28:39.186165] Update #1512: bpsuHZ
djYuETRe4ViGmLD35nPUhGG
[2026-03-13 22:28:40.282311] Update #1513: 2stIV7MfRp48bGWZ
ARYcxZUHaj4pY
[2026-03-13 22:28:41.375550] Update #1514: TiZa7AaOHJMl
sxJ
SnPnlau
Ez4tZ
[2026-03-13 22:28:43.568905] Update #1515: tQnD2Yonazsoww39rZ8dAggSuF1uXM
[2026-03-13 22:28:45.723944] Update #1516: cK6w9izLn090Rf2kqimloIVqk13GU4
[2026-03-13 22:43:54.119495] Update #1517: du02aSmLoP04feiqDaDkuabQzoTYku
[2026-03-13 22:43:55.218384] Update #1518: H08w529q
WSydppzR6dMBKcANkcpgn
[2026-03-13 22:43:56.312622] Update #1519: 0P071KPw3DAnky3m9EOfYepw4bMCvC
[2026-03-13 22:43:57.469416] Update #1520: TMYHm0wss8hUS
Rl28NQVuyUpTBL57
[2026-03-13 22:43:59.650689] Update #1521: CT6iSgZ4jfM2yHFQdQnsW4KS7tSV6G
[2026-03-13 22:44:00.736784] Update #1522: 9stl89oZXyX7kGW4e9JIpqcRnp9ZhR
[2026-03-13 22:44:02.911970] Update #1523: 9ckDGsR9vMRTWi9q5UoC5Mfmckr
4

[2026-03-13 22:44:08.356814] Update #1524: AOB5SfCN
06eMV
zwAfKt0dvwNW1E1
[2026-03-13 22:44:08.358315] Update #1525: Ng3RBVnlCEyvvGkHVYV4oSB1oNOoFg
[2026-03-13 22:44:09.471378] Update #1526: x4dDJjs87qIyEXLjl4VW6okVy6ZfZU
[2026-03-13 22:59:36.631324] Update #1527: xx1
fgwWGGCxSH3Ed1ONf8qmEA45wz
[2026-03-13 22:59:36.633437] Update #1528: H7v2og8OWPKs2c17CTZhj0r882GzQn
[2026-03-13 22:59:38.828754] Update #1529: nwuGe9I1MEUzUEBzo2AqtEXcL24Zfk
[2026-03-13 22:59:46.447817] Update #1530: d5lYrK8B8byTylCwz5bujOLOJlUCJH
[2026-03-13 22:59:50.800117] Update #1531: T6PEWcnd5feAR79bMEMpcwsoThiP90
[2026-03-13 22:59:54.041241] Update #1532: LTPNUZoS1gbzi0q2lCcUXK9lbWWPet
[2026-03-13 22:59:55.128481] Update #1533: CtoMyhPLoj9V
WTzsKpJqyCkoYQrZh
[2026-03-13 23:00:08.250828] Update #1534: Jby2ywjW0t7byfcy83WDbIgyk1s7xv
[2026-03-13 23:00:12.665845] Update #1535: fWU6EX7DLVW5buB7PmWCK5vlsuFmHk
[2026-03-13 23:00:15.908614] Update #1536: JDApUfp
fzHIwxvyWtQeKK2fCTVjhK
[2026-03-13 23:00:21.339797] Update #1537: Xf04WUonwr4rsEooa
QzPpt7jla5Et
[2026-03-13 23:00:21.341374] Update #1538: 8SVjiOGz6JRA8Ec2VskURWEJaGrPIk
[2026-03-13 23:02:38.175413] Update #1539: 0FccrPRbyddrNLshRrlwmrESLw
5OO
[2026-03-13 23:02:47.947732] Update #1540: e5GqynDZp7V1Pq6PrGkyZdZiyEKxZr
[2026-03-13 23:02:50.120252] Update #1541: ASJTN5s0KuzViC96HnTsrW4sBVy3DK
[2026-03-13 23:02:51.226120] Update #1542: keEocpj7vjCIaTDBKsvVGvqNYS07V7
[2026-03-13 23:02:53.414970] Update #1543: LYMFThHHubC93jCQhejJ5GnOcTwxW5
[2026-03-13 23:03:04.343541] Update #1544: XabBpP3FOQ7w88Nx71Sz4Ple1zaU3r
[2026-03-13 23:03:06.499304] Update #1545: yKudzPC7OZsobsir9LB38IzIUuK4yO
[2026-03-13 23:03:08.695805] Update #1546: SIlFEzt9PxP8eJbiGt3KR7jYdOI8ld
[2026-03-13 23:03:09.787519] Update #1547: 8eNR2K9sb4zdeIQZMK
naR2oz
ho1b
[2026-03-13 23:03:11.953901] Update #1548: DB2ootwlqwWYuq777JgI6COQtDqCA0
[2026-03-13 23:03:15.239376] Update #1549: yKJdZ1PuyJ
aD3HZmGZhb7cVhSQYaw
[2026-03-13 23:03:16.344640] Update #1550: g4
Q2tYhXeRS7Ui46BUJSu1MefsjgU
[2026-03-13 23:03:17.423214] Update #1551: nhvxf0tINbdVgp7y74YTLbrARozfDj
[2026-03-13 23:03:22.030220] Update #1552: sCYrru32c3lkjcwuDzLvUGXMbEmxTB
[2026-03-13 23:17:18.412114] Update #1553: bR3XBOeG
pU3yRMsFenIya6tY0qOOD
[2026-03-13 23:17:18.413680] Update #1554: Lj97XtEDzRNmNX0vFXAaN1dnncsL0t
[2026-03-13 23:17:18.414682] Update #1555: RDnFnnIDdiVyS297ziP4p6JEBYS4Fw
[2026-03-13 23:17:23.893830] Update #1556: tZb0hB6jhkR9PKzerI2xvmSOKXTp1L
[2026-03-13 23:17:29.362708] Update #1557: Pwppioxbr4S8vbod9NGkSODVKdZWSA
[2026-03-13 23:17:35.925271] Update #1558: CrciOBcHHhosY4a7QWgUrug
VTj1SN
[2026-03-13 23:17:37.007948] Update #1559: CjzJcMx3m4jwa
Qs1UEfgCiz9rmhp0
[2026-03-13 23:17:40.284254] Update #1560: dqbpLgN7UIZG38d8X0W7TT4ujBgHkx
[2026-03-13 23:17:45.738296] Update #1561: F6U4ibXx6aeSpZQZVX97soUaye5ef1
[2026-03-13 23:17:46.840613] Update #1562: XpkRyfIoHtmOyfq5kWVoT
LR9MiYQJ
[2026-03-13 23:17:52.281903] Update #1563: 45mJOCvvzkAG7tdZU7AlNYQpAKhz9t
[2026-03-13 23:17:54.463223] Update #1564: pQ7KSRWwjMNVO6

3LL8XXW1Jbv1u

[2026-03-13 23:17:56.631958] Update #1565: ftAHX9ciGnAofB92uLfnSXJdwlNw5N
[2026-03-13 23:18:29.341396] Update #1566: Q1vrz60t1QnLBNBsx9JdxQmbmkShNS
[2026-03-13 23:18:31.550239] Update #1567: VksrPXJKowg0wPhKXFBqqtJWpDNQtf
[2026-03-13 23:18:31.551804] Update #1568: YtwxoyqqpmAHRJVJkDJmq925rMNt11
[2026-03-13 23:18:31.552498] Update #1569: Q14TzUELBOwzXTzobfcyI2TkjVVewY
[2026-03-13 23:18:38.111306] Update #1570: E3b

Offc8xXKQSdXD7kB7wyt8LiFh
[2026-03-13 23:18:47.871186] Update #1571: jnRp7FNx
rMOuWGA9FzTukiAvenrSq
[2026-03-13 23:18:48.977501] Update #1572: qgBp7ME7o9Ei
8f0R7S2VEZWuYEnoo
[2026-03-13 23:18:53.340618] Update #1573: MMLqHWQagkb2yjh25lowuKMcJu0Icz
[2026-03-13 23:18:55.524888] Update #1574: UySKleqGGWY1cRLbGWa5xlCf6gdCZa
[2026-03-13 23:18:58.786588] Update #1575: FHtQ3Eh4VATEqk4VEqqSy1kV9jKOAz
[2026-03-13 23:22:38.237115] Update #1576: KUOdZHM2834Br45hTPsCXfA7E8kpHf
[2026-03-13 23:22:45.866780] Update #1577: dpUCRA
ZfCmJaScFbCsgRCNklDXJYr
[2026-03-13 23:22:56.722136] Update #1578: oOcEcxmfT2o1qaF6bCSt5Ug9CS4xxR
[2026-03-13 23:22:57.813130] Update #1579: PfPoHVnctYNoSpqLNpQVCzHqUtM4Ef
[2026-03-13 23:22:57.814434] Update #1580: AWxLHtlp1cG
z9nygZ5SfTqOzpO4Q3
[2026-03-13 23:22:58.900055] Update #1581: fkNhAoZItImnTh5IjMjz2G76gkKeEz
[2026-03-13 23:22:58.901411] Update #1582: MjHmbXS9yq6Kd6xIVe2Ix7o5tn
ixB
[2026-03-13 23:23:03.262070] Update #1583: QCLoXabTTeuA9LSFmuNJmsjRUAmWWD
[2026-03-13 23:23:06.521403] Update #1584: tiwPhEAch2oM25NP4Mvc9JRjiVGwxc
[2026-03-13 23:23:06.522632] Update #1585: kVtZjOWOa1v5FGhP0cQJmgui5LvaRP
[2026-03-13 23:23:08.719445] Update #1586: Sry37OIjqdlTidRScpvoJubOVusT4z
[2026-03-13 23:23:11.977920] Update #1587: l0nmCtzuYf19iZowEiWrWS94Njw
y0
[2026-03-13 23:23:13.077083] Update #1588: YZG8vHxOBMtPoouAuxMXVb088Jnv3I
[2026-03-13 23:23:16.335379] Update #1589: jkNARIjmQ0Tcrbjls7Q6Ry45MWdrz8
[2026-03-13 23:23:21.765979] Update #1590: p0T02yer2OrYBYimNQ9zM52NSzRBB9
[2026-03-13 23:25:35.301444] Update #1591: JjQJn78hKiwLl1WwreL3oLnWasNzAx
[2026-03-13 23:25:36.379137] Update #1592: VSyhLEUCCZHQNj9nKvtwTkVBNeP13H
[2026-03-13 23:25:39.630580] Update #1593: I8rSwv8h0nLk2FdJ8fNNGaiZme8SdP
[2026-03-13 23:25:42.875547] Update #1594: K9YKDgvDCjnNDXLFUTyAFLRz4PlTAM
[2026-03-13 23:25:45.070356] Update #1595: iezp1MYzniQP91zRO4APqL41jUI32v
[2026-03-13 23:25:46.176128] Update #1596: EN84tfnNcPYU3R5tFFAUldSyz7fEQN
[2026-03-13 23:25:55.923545] Update #1597: CbsrGJXWQ5i0HX0KTlCmkICYtpL9eM
[2026-03-13 23:26:03.525139] Update #1598: pdligKuJCfEmkly6x0tbhh4Hw5Cv6N
[2026-03-13 23:26:04.618429] Update #1599: JPylWRIKZu8u3GrgJFqqKFfF
0gc
W
[2026-03-13 23:26:04.619728] Update #1600: l2ctRqKI9vEeNYRtNScc73ktzBfv
W
[2026-03-13 23:26:05.719713] Update #1601: du0OKdffkLwYoeuYwRJrvJNyX3mBaN
[2026-03-13 23:26:07.904296] Update #1602: e67oJ1ic38eW0G32
DW6CMMKFQwDpX
[2026-03-13 23:26:09.008149] Update #1603: oG0G80Bm4rLGQrmKxELTXJGOGg2Jec
[2026-03-13 23:26:10.100826] Update #1604: hW9gKPggH3Je0lJl5oJIqJJSc8P5Ny
[2026-03-13 23:26:10.102476] Update #1605: doaHO4SY8e8OGQqr
6h5dMXhkXQtch
[2026-03-13 23:26:12.274164] Update #1606: jxSi0kRw0J5GWhdZiVDzUWZnT68A4M
[2026-03-13 23:39:43.541143] Update #1607: EdoaSI1ZvVUSAB75JaYze5FRvEk501
[2026-03-13 23:39:46.791492] Update #1608: lDe7Yms438h5iZhZTfa7tpdFlFcckl
[2026-03-13 23:39:48.959543] Update #1609: qFmzgZtQIPFu9VSmBnDcNdv5Z6feAd
[2026-03-13 23:39:51.146561] Update #1610: 8UqLecYU
xRYtZBN1lm4ytglYcFTCc
[2026-03-13 23:39:51.147419] Update #1611: DUnk25eG2RoFFI0hdrfKG7uGPCnLRa
[2026-03-13 23:39:52.253213] Update #1612: ifjkLF7H6Muo
dUEgUPWBjinUYi1gk
[2026-03-13 23:39:52.254824] Update #1613: zdVM64N6Yu7wP
HQ8oyRqLbMUQJsOW
[2026-03-13 23:40:06.382141] Update #1614: STHyEf3kx7ZGupTYzt5ODEGYyCQq7

[2026-03-13 23:40:06.383381] Update #1615: Fciy8BbFgL8h8d0tA7NVT17N48MRwy
[2026-03-13 23:40:07.484596] Update #1616: GsupaFDQm8fIWgnVVZxWupOvAED9vM
[2026-03-13 23:40:08.578016] Update #1617: B00FplrZUxuKlpvFVrQgHX5dM
JFxJ
[2026-03-13 23:40:08.579674] Update #1618: Wvkvn6d0n3ZjW6HgqTaXvyRP75x1fH
[2026-03-13 23:40:10.756483] Update #1619: FJ3sXdT1bs2BLCy472J3sYKNQ2wXrl
[2026-03-13 23:40:17.299099] Update #1620: 16X54iTCKLIOW
uouPJBq7dwEaOkIN
[2026-03-13 23:40:20.547529] Update #1621: PAgRGtUYSCZSOj17Cy9bSCot0bADd8
[2026-03-13 23:40:28.175166] Update #1622: LFGmMK1GTwFUxf0a5DmI5iE92R2CrZ
[2026-03-13 23:50:48.169908] Update #1623: LTBIgqwvWgyjppva0VAkjhUji
EOna
[2026-03-13 23:50:49.255484] Update #1624: MRdd5vRwJ08liIKbqsJzhCYLq8Wzjg
[2026-03-13 23:50:49.257061] Update #1625: wV0Il6xPITAM0nakBuKQFFEKz3WUMx
[2026-03-13 23:50:51.446526] Update #1626: 0BEclEkvK7h4xUa7LwxYFeLXc6Ucem
[2026-03-13 23:50:54.732337] Update #1627: gv5c4BOfTzd1UnwqEmImSKtqE
aCMC
[2026-03-13 23:50:58.005843] Update #1628: 3CZLb4F1uIAIShkBpbnbO5gIuU4zfm
[2026-03-13 23:50:59.084613] Update #1629: G4uFZXMO2LV58heydJMpihDybinMK8
[2026-03-13 23:51:07.769404] Update #1630: nhm2l5xXDS
GQgpOes7ydiPm8PsSbt
[2026-03-13 23:51:11.026509] Update #1631: hRq7mrngNdWGUgrfDphozDjl8xSggO
[2026-03-13 23:51:16.495726] Update #1632: i7BoTzTCmg9Wncnagzv8bl8mbsYIg9
[2026-03-13 23:51:16.496577] Update #1633: vwWjzc1zbsuRF5QGVSooJ2mBzgpurU
[2026-03-13 23:51:18.678211] Update #1634: 0ddS1c7PpbG0a5ty7PoZN0ZiZli5Sy
[2026-03-13 23:51:20.826845] Update #1635: t7J7qpiURq8Ba6zlwJiAkH7Ex5PJe2
[2026-03-13 23:51:27.329302] Update #1636: xU2RJXfMZWN5YeF9kjx6e6HB1YQTt3
[2026-03-13 23:51:27.330019] Update #1637: PU1cjMsoexeFUKYCcStw7hwA7mOP2N
[2026-03-13 23:51:28.423803] Update #1638: JxckLdlOxkozSbYuaGqq3SNLCtIj6s
[2026-03-13 23:51:29.498733] Update #1639: pdEkY7vv8uHMcNeRBmsULCE8L9N0pX
[2026-03-13 23:51:31.682413] Update #1640: DBmO4z5C2C627MfkCBsKdNhg0lHP2y
[2026-03-13 23:51:32.764245] Update #1641: p7Eu3rfqSfpGqPgXbr11kQ4yyJ2qEV
[2026-03-13 23:51:33.855786] Update #1642: GYwo3tzt9FgsUsIoPWsjqkSzOxU3pB
[2026-03-13 23:51:33.857482] Update #1643: 8ZVVxWLcQG0cNOPIIqIGwrNzIUc28z
[2026-03-14 00:07:04.253762] Update #1644: F01voM1DjjbJaRODb1C7ZrfK4OASXG
[2026-03-14 00:07:15.138747] Update #1645: 7AZmiffkwwD4QEygLBgcL5KqhDz5Pe
[2026-03-14 00:07:15.141235] Update #1646: gWfOtehFnhMzw7abliBcVF25Fnzpun
[2026-03-14 00:07:16.244795] Update #1647: mpEanouID6tFU2hF12mP61rZDCtHAh
[2026-03-14 00:07:21.715208] Update #1648: wXiPq
O2F1658Tuwbsuc8DzOGJQbdb
[2026-03-14 00:07:25.045256] Update #1649: ynU6RQE3BdgrtD1aLDXmMdZQ8EzEXa
[2026-03-14 00:07:26.151433] Update #1650: brxFby7JS8
kh8yq5oMioQ2Fw
wcnh
[2026-03-14 00:07:27.232709] Update #1651: 4NUGsKuZYCVUZ834Kc5wltEaM4vTJg
[2026-03-14 00:07:28.337075] Update #1652: X51VGW0EOWqNaZMLYK2aBqO7VuMSK8
[2026-03-14 00:07:28.338130] Update #1653: BeNn3bVvj9hix3zy7fSMjgkMcE67tb
[2026-03-14 00:07:33.801667] Update #1654: KzF
7VyMG63ixfkhei0WznTNBG2CBn
[2026-03-14 00:07:38.206590] Update #1655: ImXw9cYbXy
x2ZqF90YAPzDGh24y3c
[2026-03-14 00:07:38.207462] Update #1656: VGFKpKVDIlQ3crI9zunhrSM8DQrneG
[2026-03-14 00:07:40.387879] Update #1657: ROwuVUpDnS2x
NBWsEq
L961BfkPqB
[2026-03-14 00:07:40.390415] Update #1658: mRt3f6IsYLmpNEZeAVftgsqUlzAIUG
[2026-03-14 00:07:41.490501] Update #1659: S886t13OfskW2TIDmyWG1zBJbXkTqW
[2026-03-14 00:07:43.661258] Update #1660: BxbivIqZA2vdVyD2KU4HfjRMx9oJQ0
[2026-03-14 00:07:43.662655] Update #1661: YvAhZ9HoYohb2JJsgKmgm15PSNvo0m
[2026-03-14 00:07:44.765220] Update #1662: 3d0t
Vv4PyF2RW2x50ZGBe
8LzI9OV
[2026-03-14 00:15:19.632203] Update #1663: yugIS55m8NfaM
NhZBOuYqLUmwLFrr
[2026-03-14 00:15:20.727478] Update #1664: AFaMPTwhTSx2U1KIea4g
xFwVHjv4c
[2026-03-14 00:15:21.831881] Update #1665: hUIAeKc3ezP6iPZmZCsKEdIA7opm
v
[2026-03-14 00:15:26.205875] Update #1666: Ialr10LckD1UMeok1jzqxGP7b06Bou
[2026-03-14 00:15:26.207595] Update #1667: hlRayGumZzy3EClCag
q1UwjrLPQH6
[2026-03-14 00:15:30.576083] Update #1668: nqcA6rAwXyQQnb3f1agEI1bAVc6w2l
[2026-03-14 00:15:37.157430] Update #1669: 8o4Hscno2w63RBOmNE8qLmiL1qHl1v
[2026-03-14 00:15:37.159064] Update #1670: auiopEO
UCmcKpX3L5nNMgs5gkv211
[2026-03-14 00:26:34.037038] Update #1671: sRfwrLsWbLzZtkMEPi1asNPYdqMU1s
[2026-03-14 00:26:38.391076] Update #1672: N2u5ZDN15n7edydPcnuUPaY
qnMVV2
[2026-03-14 00:26:48.203862] Update #1673: VpvFfkS6qKg1033jDP1rXyJg73halH
[2026-03-14 00:26:49.314683] Update #1674: 6J8oF2RuP5WVuqBFUyOwURWFzuJcO4
[2026-03-14 00:26:52.623552] Update #1675: zH6llqfEjQvF1uw
kGc18TVX1XybhF
[2026-03-14 00:26:53.702590] Update #1676: cM6zM31L3NBvRMEdxmY5lzapyJlSle
[2026-03-14 00:26:54.793812] Update #1677: t6YJ38rX2MJJL3A2j6Fm1NjfIrHVtG
[2026-03-14 00:26:54.796354] Update #1678: gcS6MPwLaHPI
SqVu5VYP5uAMa3Qm8
[2026-03-14 00:26:55.896617] Update #1679: q8dfe3b3weinnjMCfHHosFHjwV
PJK
[2026-03-14 00:27:01.289812] Update #1680: AOLo
YYhnFvN3Uyuqitdgeoj8jpo81
[2026-03-14 00:27:01.291393] Update #1681: p4QB3NNm5kuKs8fXEvPp8Ixz8J8fIY
[2026-03-14 00:27:03.488981] Update #1682: 3IHcmIozqISt
SGCOJB6jx8LKDXsZ4
[2026-03-14 00:27:03.489879] Update #1683: UZpDHHEpDktaBBU9iG4gbzB8C5UqeO
[2026-03-14 00:27:06.797794] Update #1684: X3ly5u2fWbp9KVd4TdYPmNXYY1mwqk
[2026-03-14 00:27:10.071208] Update #1685: MupsoVwYxEt
Wz4ePAJpcHj5czPz2W
[2026-03-14 00:27:12.252746] Update #1686: upbYmLMSNHbkIX0O4xEGMrtaSm6fci
[2026-03-14 00:27:12.254455] Update #1687: IskQx
K
67ZOKKXShTssxWD9L7BNY2
[2026-03-14 00:27:13.341878] Update #1688: 4JAuUa6p0ncQK2fxEYXDWNZ49rVvBx
[2026-03-14 00:27:14.431893] Update #1689: O4hKPQzjjJPfvGmsaJHhtjloODtLmu
[2026-03-14 00:27:15.526228] Update #1690: fBG2Pl3cEf9KnQjZo6gQFxZxnRrDgP
[2026-03-14 00:44:00.906595] Update #1691: pv9qM77rPo8R4t92tIlGOwCpiU4wgg
[2026-03-14 00:48:00.031691] Update #1692: d5cxDG0d9j2DPWl4Fo6OnX5W3Z7Axo
[2026-03-14 00:48:00.032191] Update #1693: MZ7e3fjscgxNed1
BFfkadYAE7xzlB
[2026-03-14 00:48:01.100363] Update #1694: BQ2nfuSQ569Z3epknZDHiwfpZrFvXb
[2026-03-14 00:48:03.299609] Update #1695: KCvIXyCcGzrKw
EPoNRVJKBkToXhnF
[2026-03-14 00:48:03.302078] Update #1696: CHdWu8r2ny6CBkDWWhFbXO8hdMMfSL
[2026-03-14 00:48:07.653331] Update #1697: 5qyVQDNAiG
0l3L68yLb6vftYD0wJn
[2026-03-14 00:48:09.837574] Update #1698: jtFjmknGNZSY8oO2rqXmDnLZjoykOO
[2026-03-14 00:48:10.941197] Update #1699: MLK3mZqnk
AohBAZd3lJjoLdR19HQG
[2026-03-14 00:48:12.020398] Update #1700: CJipMymyRhF0E15uJlz2vwuALmEG1g
[2026-03-14 00:48:16.370963] Update #1701: Ca5m
PhTZFqxP
5ImEd5t85dEVh9Gq
[2026-03-14 00:48:18.552389] Update #1702: VdugO7zmc84BMwu4DfDsBmpFBe0DRm
[2026-03-14 00:48:19.643243] Update #1703: p4cEuBZYOTArvuF
rFVnIpFkVvXnaK
[2026-03-14 00:48:26.172290] Update #1704: XIxX11xVnIoCA8vPG93CABWV7MTUc4
[2026-03-14 00:48:26.173902] Update #1705: OIPmRCTj5
0SYg5KC5EDUggJdTh2u6
[2026-03-14 00:48:33.768157] Update #1706: 5HqKrJUBLbVHu4qUTMkDAlFtjVeo1K
[2026-03-14 00:48:37.061559] Update #1707: YrKEAh4Vpwlh
wzcTISY452SuSJtSW
[2026-03-14 00:48:39.242897] Update #1708: lvsHSfvHlBquXoENfoLMTxYYFuKydR
[2026-03-14 01:03:56.991772] Update #1709: L0PzHxxLRQJXTsB7qiysbAs2Y9beRR
[2026-03-14 01:03:59.161958] Update #1710: isdurNpx2tNccmmuRAV2jOkRXtmuBb
[2026-03-14 01:04:01.334284] Update #1711: 
oN
pU4L5kHnhq6iMCSc32HiHKEbfb
[2026-03-14 01:04:03.534111] Update #1712: nHgcIufJLe7in
0af2qWqrT6vTkZIH
[2026-03-14 01:04:04.629752] Update #1713: cmrhbbXEHlMeZcq25h4jMSng32IzxL
[2026-03-14 01:04:05.756159] Update #1714: GTrGCckpL1bwX19hrGThKB29lo
gZE
[2026-03-14 01:04:10.104681] Update #1715: 5DUrwOL
OI2R
OcHPhhi681zp6Zb4z
[2026-03-14 01:04:13.417974] Update #1716: TGuyMjDprfrTlGqnL6FVP3fWNZKwpV
[2026-03-14 01:04:18.830346] Update #1717: eWUUjWmxsRMFQdw6BTSeIdXlO3RG4i
[2026-03-14 01:04:22.095603] Update #1718: M2lLMnWdQ2dslm7OCN7ah0DdoguB1M
[2026-03-14 01:04:23.200684] Update #1719: 1X4sO6vYOfHFwhsdR4EbW3Ew0GbpTB
[2026-03-14 01:04:27.567138] Update #1720: pW7vIyLCc5TAVq2f8bTOtQs5GCPlx4
[2026-03-14 01:04:27.569673] Update #1721: wPr
QMXbEBrMv0HkceFTez5mJeyZ4j
[2026-03-14 01:04:29.768518] Update #1722: BqgLqERP0dxrsJp9nl1McFQQLs8kea
[2026-03-14 01:04:30.874211] Update #1723: CtJ
oSflj7te0kBoCv1qnTFhnJEeQl
[2026-03-14 01:04:31.959483] Update #1724: ThcwWP
gpCeFFTBOJ
2SBXewfQda2T
[2026-03-14 01:04:36.294635] Update #1725: vPgd31KmYm4FujBavEgife7SuP5Tjn
[2026-03-14 01:05:10.258009] Update #1726: jPl1nzcRTbh
rpFeY1aKAgZLDecyEG
[2026-03-14 01:05:11.353567] Update #1727: dSpAykjI1YL4jpuNVBgfzZTX9W1MbT
[2026-03-14 01:05:11.355033] Update #1728: 9MZBr48vYL7zkIUJMhuQjJvh8wkMOI
[2026-03-14 01:05:12.444451] Update #1729: yM8vll9Gcg36RTeNpl2VIjoH0
oN6J
[2026-03-14 01:05:13.523120] Update #1730: rzlETNKHN7sU61ShP5HjKZb5BqbpAS
[2026-03-14 01:05:15.738994] Update #1731: I
lpAdWRj65kPfzxmz5Gys0p2ibxkN
[2026-03-14 01:05:15.740169] Update #1732: H
p5La5IwBAw7C4dF2iyXE5LG0F5Zh
[2026-03-14 01:05:16.843576] Update #1733: zTgP1hDRIcVXqAXSBp1vS8Yr3RROCF
[2026-03-14 01:05:20.112090] Update #1734: 4GZ64Ftawefgw2Cuuk2U5jSku2NAEu
[2026-03-14 01:05:22.305582] Update #1735: MYpoG2KIalxvDHwx2yIMAg9BlF5Xsk
[2026-03-14 01:05:23.400346] Update #1736: z1cUwy17nTY06gKg751MZS8Rj6pO
E
[2026-03-14 01:05:26.657583] Update #1737: 1dwgHxEokDX4J3jWouIjqWgwn9qeog
[2026-03-14 01:05:37.558576] Update #1738: MK6NTxCb
C2bqUTEvlUMbEhEAIzLnJ
[2026-03-14 01:05:40.846670] Update #1739: 3yuxNtLMIYizyQMoShtWyiRiKhkE3M
[2026-03-14 01:05:41.927218] Update #1740: YcduEYXgpFQNgHeVW9Seq4fFaY4r
F
[2026-03-14 01:05:45.195320] Update #1741: cd2ePdiPYKR
RDuBkDK3pD2bMNtxdb
[2026-03-14 01:05:47.349845] Update #1742: gSO9CM7iPH9vsAAtEEFVSFZp45sRBU
[2026-03-14 01:05:47.351739] Update #1743: a7nkiWSPXXjYq4zkbOOI6nyQyc7ALT
[2026-03-14 01:05:48.452342] Update #1744: n89YzK5PJCX4ZSIcd5tXmBA3jjxnUj
[2026-03-14 01:05:51.704476] Update #1745: CcgnmaWM6s7HsAvdqyZrYZRkNeVGMm
[2026-03-14 01:05:52.797472] Update #1746: 29vhU
RqU71KarONPagpeAEF4DUxKi
[2026-03-14 01:21:11.127124] Update #1747: Z4y5VbbgIf0vlQdoQ
zG7JfgHHLQ2W
[2026-03-14 01:27:35.229380] Update #1748: 3Rw2biXVSAMoesOpbmD3u3tdtFV4CH
[2026-03-14 01:27:40.820161] Update #1749: BenwAh7hM77flMVzLap86lz4Vb8QAl
[2026-03-14 01:27:44.085355] Update #1750: a3IgoKKJL
pbQinxcidImK7xOedAOq
[2026-03-14 01:27:48.437039] Update #1751: xEWFWUQQcYoyIwUrvS5mxSxanS8NOe
[2026-03-14 01:27:53.917884] Update #1752: DkeyX37dKmXsYHhiya4hq1UkanMY7F
[2026-03-14 01:27:55.022457] Update #1753: 4VyVN13lWDFWFxDmpVmOT9mlijPxHd
[2026-03-14 01:27:57.206251] Update #1754: Zhwwcni6q19DgfqUzvhkglgXDkzHtY
[2026-03-14 01:27:58.283670] Update #1755: B4098CSyVyWDFwHs0OPGwQqyVyp93E
[2026-03-14 01:27:58.286201] Update #1756: 1ZJvTSKH9Yh2HxUvDGK29P0vP5WBwj
[2026-03-14 01:27:59.387769] Update #1757: 4vaHFTXNkrqz1iUwgtsAtH9jWlwuGj
[2026-03-14 01:28:00.464419] Update #1758: 7Vfx0Yx6JKjlosB3pG
vv1czRH7XNY
[2026-03-14 01:28:02.663956] Update #1759: iX8YmtMomihaSKvnuMj4Ft8C8MWopK
[2026-03-14 01:28:03.768632] Update #1760: SzX5N33MPJXF6IQHkbMASwV55ycycw
[2026-03-14 01:28:05.939074] Update #1761: O8lHmZY322veaISVnA3fVFjK
roOwb
[2026-03-14 01:28:05.940811] Update #1762: MWdZaOxGiNrDyqNBJ
ystEpL8ReHgQ
[2026-03-14 01:28:07.029893] Update #1763: ykmFftkPKwez4T2
mzBfIT8t9t0tad
[2026-03-14 01:28:12.487294] Update #1764: d6wwu3JvMomYRVPb1e7relW0vLBBF9
[2026-03-14 01:28:13.564565] Update #1765: sCKB4ckMlINy5vyVqsnPj
a9wbAuCA
[2026-03-14 01:46:10.722812] Update #1766: zeTsa8jzZo17AUEB9XX1VASsVo60kX
[2026-03-14 01:46:15.036769] Update #1767: 4sPfWlCvVE493Pj9wcRtdkcp8DSaRQ
[2026-03-14 02:03:00.809472] Update #1768: gaDmPDDjCy2c4WSjTEh7YI4Ns5VKlB
[2026-03-14 02:20:31.849977] Update #1769: 3bTYRKtnuxCcKnxVXbCtQuj5KWJDNp
[2026-03-14 02:20:34.042138] Update #1770: MK4LsI8eocua4bwWjMyU9RWDJEGFEr
[2026-03-14 02:35:35.710920] Update #1771: VdSF
5gpZTLbkny5J4uD2NuDYI7wMj
[2026-03-14 02:52:20.910353] Update #1772: qkm0PCFNZZs35ZYjdCscQTliB69GEx
[2026-03-14 02:52:25.284526] Update #1773: 6kGW0NTk43dNCGttiYx1nw402Ydf6o
[2026-03-14 03:09:02.746171] Update #1774: xXzX4aV5CrfMmHOUHrMry1eluwMsDi
[2026-03-14 03:09:07.127705] Update #1775: TwN4oz55w541v34O5dDXRH9cR27w4D
[2026-03-14 03:09:08.230593] Update #1776: uSvsvkEervQ8BwF1xjCO6RQbw1VL3n
[2026-03-14 03:09:10.389241] Update #1777: 0LGXqtThI7AWlzEqn8xf9IvdZUkemz
[2026-03-14 03:09:12.562808] Update #1778: 1ORO4pm1MtmgTd1oW75MZE5DR4bdOh
[2026-03-14 03:09:13.675176] Update #1779: dLCQKyBOkSX
OYMRzbjDco
kyFKP8i
[2026-03-14 03:09:15.862135] Update #1780: 42zNxKqHB0M97NXCZIQHa8nl2KB6wl
[2026-03-14 03:09:16.937619] Update #1781: ngFAgkH
fJyGQACcHSZkaPuRvBjB
4
[2026-03-14 03:09:18.018293] Update #1782: NCgeLGm8QnJQr2z0BmAaP4xEp4SRwA
[2026-03-14 03:09:24.547776] Update #1783: 1I38TSDkus4vHQ81mKwsYYzzHqi8Ul
[2026-03-14 03:09:27.818633] Update #1784: VocmKUkwYLKe20QisTEqBmew1QXlTt
[2026-03-14 03:09:30.034131] Update #1785: IN4h5FNWUEJFzX7VLdNBKy4rYVj85U
[2026-03-14 03:09:31.138398] Update #1786: AXfOH7TklAguW9jRgxV5YZatkMhXDj
[2026-03-14 03:09:33.338979] Update #1787: fYVySkMvKknSgcMZxU2fJOu1p4g0e9
[2026-03-14 03:09:36.626193] Update #1788: clfZwYNEYbBOx8DduFm1J5HqoIP00D
[2026-03-14 03:09:41.032454] Update #1789: VC1m
DFCdcPlyDIlXhMqCAuQAjeG35
[2026-03-14 03:09:43.377312] Update #1790: B95Xk8ptEYjrpgMURmte1UR1nLkifL
[2026-03-14 03:09:45.553843] Update #1791: KLvyC6lXW8vWwcMar1lscw9yEBX
sw
[2026-03-14 03:24:51.009568] Update #1792: mlZTpeHwz6eRC2wvBKDuIuwzBybLDI
[2026-03-14 03:24:51.011348] Update #1793: NU2JKsgdUDUGwi5WyBKQhb18qko9MU
[2026-03-14 03:42:09.196024] Update #1794: 6PyywmMtLXAm0ofSL8w
52CFJegthq
[2026-03-14 03:42:14.104029] Update #1795: xgcsOB4lgiNgQ0lSaT0ZyZJL7SGXGv
[2026-03-14 03:42:17.401848] Update #1796: CL7YLJ4QQj8GqEBdZTrh2CTKYiqTtU
[2026-03-14 03:42:23.958391] Update #1797: bsgSVrH0PeeEhnHrUWPNdS0k5dIuT8
[2026-03-14 03:42:25.061223] Update #1798: fTNKa66t7NTWsap4hnMjPxgrh8Ei0d
[2026-03-14 03:42:27.233381] Update #1799: bNBmLuO
hwlBDLVGwmTm4SZrRBn
Bg
[2026-03-14 03:42:29.416830] Update #1800: rz4QTIJFCCc3W
lDf2JvcwuMhosJIT
[2026-03-14 03:42:31.609912] Update #1801: QsO714cP3ylpoA
3gb25MXLR8vrYCG
[2026-03-14 03:42:35.979272] Update #1802: 
prAC5Axxjr02NfBDXWmkhtnuOcqxW
[2026-03-14 03:42:44.677994] Update #1803: O3kVGcOw3DgLytalFpgPbnGTwMKuJK
[2026-03-14 03:42:45.757243] Update #1804: CUCv7SMdJJJA9sJhPahNoQAol
lVDj
[2026-03-14 03:42:47.940860] Update #1805: mozfjROEYOE91VGtMtFnyVeNpyGjmF
[2026-03-14 03:42:55.603609] Update #1806: Q7zVPUKqFXrbO035924s00YMG2h35y
[2026-03-14 04:00:55.621083] Update #1807: uXSciMcXuh4CL7aWH9zYoApBENfdQD
[2026-03-14 04:00:57.841847] Update #1808: OZfsDho3A7xhQEozzBsDnGr8Oc9Q5V
[2026-03-14 04:18:04.491640] Update #1809: y
q8mNujGGe5DhHmb6aOceDQlK8mxw
[2026-03-14 04:18:07.772180] Update #1810: 6n5b9grGZTN07lmnz0cvLyttONNKCn
[2026-03-14 04:18:08.881403] Update #1811: SmmGL0bjxuiqjYK7LC8DIIK9WszBor
[2026-03-14 04:18:16.183600] Update #1812: mhAF
5EWonwEljbpS3PDQQMeH5E2eI
[2026-03-14 04:18:17.285948] Update #1813: si35T5ynlbJwmD3nklmPI37AfVQHJN
[2026-03-14 04:18:18.393274] Update #1814: bQXpI0MHDPhs1LYXIAOrLlHMcceUar
[2026-03-14 04:18:24.971361] Update #1815: zcJ1Kb3Kd9dTLhtKXekHr8
wYzKNjn
[2026-03-14 04:18:28.250660] Update #1816: 8xB8q01WvlIkYDScHLr8LRj144RJmh
[2026-03-14 04:18:31.533189] Update #1817: dGZWeDpYi38b1w4xAUGofCW2VE1LVx
[2026-03-14 04:18:31.534867] Update #1818: ofREUS7Z4a8UaCNUeOxRVEPfiIFTWg
[2026-03-14 04:18:38.079982] Update #1819: QKbvNJDkPguw5JUrKmOSppXo9sSIoV
[2026-03-14 04:18:43.496999] Update #1820: w
rXXv3o
6zF3mFzFG2TU
zbiyiZvy
[2026-03-14 04:18:55.518263] Update #1821: voBVNg99lWR1kQABrZc00XU88RQtMa
[2026-03-14 04:18:56.624965] Update #1822: NVSlsnQVwjFFP7j2TLSX2tiSEexyvb
[2026-03-14 04:34:56.399060] Update #1823: 1C38V59ukzHkqNa1IBHM3CCVZWcBPh
[2026-03-14 05:06:44.462395] Update #1824: O
RyCPUtNaKoeSDn78IwslRFVcFfEN
[2026-03-14 05:17:07.766338] Update #1825: l8IDi0T8KeYaXfR4KnhIrZMmi5ibqm
[2026-03-14 05:17:08.875256] Update #1826: UeTdtHxC6BLWtXTFApGrjcceyCnJzj
[2026-03-14 05:17:12.161954] Update #1827: qomr3ybWCc7Zxy4Z71ecaAge6VcU6k
[2026-03-14 05:17:20.904116] Update #1828: gh6Maf4JmiYBvFRAW0VHfDY
tejcBv
[2026-03-14 05:17:23.107389] Update #1829: hBEVPy1W5Dx4oTzmKpKZEUMtY
hNJX
[2026-03-14 05:17:30.732591] Update #1830: 62SeHvbzkZAaGO
k5D711SUJnhBSw

[2026-03-14 05:17:32.930806] Update #1831: 9hiTt1CtJSqPLFd1YG8HDVwX4Vww4C
[2026-03-14 05:17:39.678570] Update #1832: IaoTp7STNgF8EHx6P3ONCEufujXZYZ
[2026-03-14 05:17:40.785127] Update #1833: kGq8ki0MO4qzNdHXf5SpiT6fcjUmEe
[2026-03-14 05:17:44.053325] Update #1834: LMw
yAvDJl3ly6ayhmKjfk2I8Q35XT
[2026-03-14 05:17:44.055121] Update #1835: VLPTfpnHiqRAy
VGAfWn1tCYARi7Op
[2026-03-14 05:17:50.608008] Update #1836: nPi35hDnoAn3Nxwy8WxJhxLcxZ7Xwe
[2026-03-14 05:21:05.660934] Update #1837: JY2Vu
dNDzeqlShR6PQTx7KqQvaBOL
[2026-03-14 05:21:05.661953] Update #1838: 9mBA
6iEiTf8jrjvfkThzbbu6AtpGd
[2026-03-14 05:21:08.961197] Update #1839: xSoOD2XlK2frImosRRDqL52fFNLtbk
[2026-03-14 05:21:11.173227] Update #1840: mwW8Krws9MVKqFTC11f2OIdYQgG7Yn
[2026-03-14 05:21:16.692589] Update #1841: EXdsvM9dWCmahgyUVfS3AFu0C4oaoA
[2026-03-14 05:21:18.881256] Update #1842: LPlVxg9hoNClhrJCsUEkOMVBJE4HX0
[2026-03-14 05:21:21.067317] Update #1843: fM8
F0egvgY2yTOA1oEV2luKL9UJN5
[2026-03-14 05:21:22.159276] Update #1844: 8a7WZ1tDXT0hWR7QRhwqdFxQW9FCcD
[2026-03-14 05:21:24.332818] Update #1845: Jf
CbH7Q196Wdna5gpKkJkvCpkfVzU
[2026-03-14 05:21:26.538337] Update #1846: ldOt63
r1k99fVfSknePZhXcop55ci
[2026-03-14 05:21:28.722171] Update #1847: 1An
GsiY7g8AeOm9r0z81i5WYnXrC4
[2026-03-14 05:21:28.723888] Update #1848: 2SpmRPvPrkvubCUBvTqlCfhDersm7O
[2026-03-14 05:21:31.995751] Update #1849: GWwNIVmkzSUHkc8S8uRmlxh1gCpBag
[2026-03-14 05:21:35.234998] Update #1850: sKRUHPNF93UogPJJW5Hw3yzZTVXb4O
[2026-03-14 05:21:43.998514] Update #1851: Vz62OuD8l3vEUgCgmT50d74devGDER
[2026-03-14 05:21:46.152167] Update #1852: hzIPeSum
MAt8ySMPLDmdsXEnWSWaX
[2026-03-14 05:21:49.463928] Update #1853: HulWp1g2XXrWq
Y86z0h1ECqz75fXz
[2026-03-14 05:21:50.548942] Update #1854: iuO0dhLDnBc4My8K5Nei9qHdbugJ5D
[2026-03-14 05:55:29.494156] Update #1855: QNFO7Eop2eQtzHxpOz6SzI
qI
XZUZ
[2026-03-14 05:55:32.747316] Update #1856: GaPwrb2t6ShaKjDro3wJPO7lqc2WRi
[2026-03-14 05:55:33.827117] Update #1857: wcYoY7FcRGVx9L6ptxlkxVmdL92Pyx
[2026-03-14 06:11:26.531926] Update #1858: 4zX7NGkn1oP9wfXcFXZzuC3SINxeKd
[2026-03-14 06:29:17.903485] Update #1859: KvzTOmjRpv3FNuZp6T4DTdfR5wHY2x
[2026-03-14 06:29:17.904844] Update #1860: dnM0FJqNSE7EwoYpNrxSCMt
Ec7t
v
[2026-03-14 06:29:18.993285] Update #1861: s35UaUVhlrUBnM6HJfQQFdd6WAq4Mm
[2026-03-14 06:29:26.617998] Update #1862: b0AFNucCjvy7PfnLnHxr3lMC3w99hz
[2026-03-14 06:29:32.093797] Update #1863: 0UKtNvDfI2eOvXOd5gm31l8nTxZtEJ
[2026-03-14 06:29:32.094726] Update #1864: T6KHs7lGSVJlVabAm1qycGC0OY
Hl0
[2026-03-14 06:29:33.198296] Update #1865: 80FPuru6xx18vxnfhnr15eQnfivfDd
[2026-03-14 06:29:34.292890] Update #1866: tpqqprO7WCZVJaaVGKj7fiPlRsmqxH
[2026-03-14 06:29:47.696679] Update #1867: BLQlhGGvPudBgdSicazyMKS31McTR2
[2026-03-14 06:29:48.805442] Update #1868: b3OCZAD2gmjRr4iDGoDGyTWRiWMSiO
[2026-03-14 06:29:49.883473] Update #1869: G6YmwVxAOg5Vr7rDGiSJyDgqeaXBfJ
[2026-03-14 06:29:50.963279] Update #1870: 0NUSvYxRhEyA14SMME1BYslpVMoeT6
[2026-03-14 06:29:53.153408] Update #1871: M1QBFEk
TIg3OHjIxWEYoo98WubKlA
[2026-03-14 06:29:59.701920] Update #1872: 55K7XqaPgyEVwaPk2UfUuR9a8IT9So
[2026-03-14 06:46:33.487022] Update #1873: yOcBlWCNJGRbKlTDCM01kH6LJqJIka
[2026-03-14 06:46:37.843402] Update #1874: feHHHAT6zLkqMGxPdQovo4C8TxxHqt
[2026-03-14 06:46:41.781379] Update #1875: 4MnGdtXi1estr6k901iYW7EaKInA0j
[2026-03-14 06:46:47.263985] Update #1876: ZX06pbjUgt7AtwDxRBvWHGyiiDGfpY
[2026-03-14 06:46:49.440083] Update #1877: 0FQ
gJL54CWx8ofygBt8NVBn2Bob4H
[2026-03-14 06:46:49.441018] Update #1878: KaZo1yiBObfrPlTDcZAFVtuMnURMM6
[2026-03-14 06:46:52.718379] Update #1879: faO0qDwt5mmzEf1i
vVMPt1R
SjmZ3
[2026-03-14 06:47:01.495335] Update #1880: Ry
eP2DLww51ct5ug40fnx2NIXnn0d
[2026-03-14 06:47:04.794467] Update #1881: j6qU8gYZpZZ2U5lSvlVIv0G09oVNTJ
[2026-03-14 06:47:05.902809] Update #1882: ZoX9JcnffOS
vfshS0bFg45x3tMRdJ
[2026-03-14 06:47:06.982368] Update #1883: PrNHrQr5Jcklx3v4apOsDriQhZd81j
[2026-03-14 06:47:09.365813] Update #1884: XFY8qeWemK5EWUKzlP9
UEvx
vEISP
[2026-03-14 06:47:12.642402] Update #1885: hCW7H0GWFkmOSKsETgzXJ0AQNEtIGE
[2026-03-14 06:47:12.645045] Update #1886: XpSLBPek6E
MvtpmgMr43f0xpx30XL
[2026-03-14 06:47:14.843096] Update #1887: bBJ1yT6ZJDcYKatiHM7HFcWig5vOG1
[2026-03-14 06:47:15.926833] Update #1888: vjw8oY3oIxBQQ6e8mnRH5uLs9c66se
[2026-03-14 06:47:17.027148] Update #1889: 9mBKru6ViJZLZTfNFMsDaICi1MZZql
[2026-03-14 06:47:17.029444] Update #1890: cNSrgd9q3eUdbllZIMHAIi3PRECHgs
[2026-03-14 06:47:23.579182] Update #1891: yY6XI7En4zMNL7im6AlWRAfwebfxJZ
[2026-03-14 07:02:57.644505] Update #1892: 3sh39qS2Y6vEL5
3ygvcpo4pSXs8nk
[2026-03-14 07:18:15.022407] Update #1893: wEPg4a0ZUr6gBh1501rpMkMqibh1gU
[2026-03-14 07:18:16.126701] Update #1894: 83nlJXeLO0wnhBWyMUE0WNFVuObc6k
[2026-03-14 07:18:16.127301] Update #1895: ycisUi8ckZdPt2lCbfOQ0yyvmfZDRK
[2026-03-14 07:18:18.333163] Update #1896: tDKY9BermZsLhTLTEN68fOO0bLUoU4
[2026-03-14 07:18:18.334919] Update #1897: fNNe0LVFMmFbRB98y2CH5M4rA5doKp
[2026-03-14 07:18:21.593705] Update #1898: 5PdbYz6TGWEVr
GVrF9ZC6E0g4sfni
[2026-03-14 07:18:22.703376] Update #1899: jqG
HUkZ4ZoBAae1HpIBMP6BuHkm5E
[2026-03-14 07:18:22.705218] Update #1900: akS9wU771F4oW8rPiGWHvXeMzYGBaN
[2026-03-14 07:18:23.807376] Update #1901: 3eocsH2zB1qKH
AOZi1sMzGOHBlFgn
[2026-03-14 07:18:24.914709] Update #1902: gLmuzM7b5
50jNfRUCjUSMyV3BNf73
[2026-03-14 07:18:27.086053] Update #1903: 8YXaKMzCexcv22pfaqZNZJwOkJetts
[2026-03-14 07:18:34.717040] Update #1904: cC6
yCPM4bckTSEGV7IEhObQdTK4KY
[2026-03-14 07:18:35.811291] Update #1905: NhVnOnCs
fhbX
ocP20j4KgGfrBcYv
[2026-03-14 07:18:40.412046] Update #1906: p8cRmOhDpjgRsNVbvw0tOUrnVFUq0m
[2026-03-14 07:18:44.761858] Update #1907: S9mHZKyaVNMQg1gPnFfRGSvs
E6wSx
[2026-03-14 07:18:45.852433] Update #1908: 3bNbg5ru1hYOdG78jqv6xtuykO23Et
[2026-03-14 07:18:48.037015] Update #1909: HvvMAy66vMCWqsBMG0tq2hqlWHlW9B
[2026-03-14 07:18:50.241327] Update #1910: b6NiPXkaU1K03NyMcrNv5za
9s8hwH
[2026-03-14 07:18:51.333588] Update #1911: YPCdmVczZRkvR9me9hntrxbN13p8IF
[2026-03-14 07:30:15.483291] Update #1912: yiI2ngWPYlSv8m3qxT7uhVkU1M1aQ6
[2026-03-14 07:30:17.685800] Update #1913: PhsEel4hWKmSfmixrl9wBxVtA6rA5w
[2026-03-14 07:30:18.796909] Update #1914: 3DovrbCKvkVflt3Kl7pqjlJOEDdQr4
[2026-03-14 07:30:23.163637] Update #1915: zf4ASBSwx1kMqGKjQRIbdNTqWwJVeb
[2026-03-14 07:30:26.459899] Update #1916: 25a5NQd2PVdLEFGluwtJCk9cNNRs44
[2026-03-14 07:30:33.061347] Update #1917: XR8U8QRXp6jAq5A9nHFDSyVcmE
bxa
[2026-03-14 07:30:34.145432] Update #1918: Q6yfSPUx
48INy6RqHORmViDr9QJaD
[2026-03-14 07:30:36.299873] Update #1919: BpnhrpNxfR1ehLo85WdtkAbZWM80Rb
[2026-03-14 07:30:39.595450] Update #1920: MMr9tCpHKLVT5W2Ej6
Lr5Stmwyt1J
[2026-03-14 07:30:40.698949] Update #1921: Q1KoXR5A2kgCIl1ArkNZuNOM04y6d1
[2026-03-14 07:30:42.900323] Update #1922: ufk7dGjG
C4QAzVeHxpmlAEUqntP5l
[2026-03-14 07:30:50.569982] Update #1923: 89HsaQivsnuE72Lg1p1Vu84NawDsLY
[2026-03-14 07:30:50.571676] Update #1924: 116z9IG1URjsVEb97SSzADi7rPWzqi
[2026-03-14 07:30:51.674770] Update #1925: xsrp7DUikioRvRuvbOsCBB6SfeyTu3
[2026-03-14 07:30:53.858386] Update #1926: 7pISH6TBI70DCph2F8RDY3Z8OUbyjy
[2026-03-14 07:30:58.334307] Update #1927: vkBfMxv8UtupraR6pfYQFAMlqF1rXu
[2026-03-14 07:31:00.523670] Update #1928: YfdfYK63U6AH8jI4UdgnkufoL45oeN
[2026-03-14 07:47:06.312739] Update #1929: x6eErlRfewblYFzf3ZtsfhMA7dfx0m
[2026-03-14 07:47:07.426281] Update #1930: 5WM61vJApXiBna8
AEryCrEUg3tldr
[2026-03-14 07:47:10.688675] Update #1931: AUWiPRKBJ0YIgSswr5UTHdAG
Q
5xL
[2026-03-14 07:47:10.689253] Update #1932: Nh9IfD84LcpbOCKRhLcoC77UqNWfxo
[2026-03-14 08:03:11.377500] Update #1933: uOZpATD0RZfEdw7WtC4S3UEQwIWRwL
[2026-03-14 08:03:14.692997] Update #1934: FICZfsa8KVFe94LuThw9CvMsb3i4KL
[2026-03-14 08:35:39.522725] Update #1935: dh1
Cu3OSEs9UcDzOgablfjmjnXLDK
[2026-03-14 08:35:39.523225] Update #1936: g4uk5hQoWtdHs5CGbvLTN6iyywqBKq
[2026-03-14 08:53:05.402219] Update #1937: HWPHbYTfp3adEAaFupRfrK5cwEnoS3
[2026-03-14 08:53:06.500998] Update #1938: 45EvgdkhU8ubZ8kyr5NP3jUFnNHBVd
[2026-03-14 08:53:07.574486] Update #1939: h3ir6cJ64qGdI9cAhjBuILo9
gtDeR
[2026-03-14 08:53:09.776658] Update #1940: kzivxaHd
0k4BrD2Gnxwv3uI1Ih
Gp
[2026-03-14 09:09:44.502411] Update #1941: Hv9P7dMCru3a2Zz77LnaJBlPrk12i1
[2026-03-14 09:09:46.686066] Update #1942: SAkTqIjyg0GnJEEKGmkyhqwm
bbfjq
[2026-03-14 09:19:22.508860] Update #1943: ZZtw1bGN8mQqEgHRTeaPpglV2aShoH
[2026-03-14 09:19:27.987772] Update #1944: 7DhXE6vfBjLYuJYrGfmvZkFiA
MWnL
[2026-03-14 09:19:35.626585] Update #1945: WyfprRpe
KN
OToutpThBD2zzrDQmb
[2026-03-14 09:19:37.799059] Update #1946: qrdG86SwAO0JL2Cp2UyJl06WHlP7
9
[2026-03-14 09:19:40.322522] Update #1947: YgKSbQrPuSzrNy91RFFzwqrVB8m1KZ
[2026-03-14 09:19:49.047850] Update #1948: mxSv6I95sEXDg71
iJfJVN7pmJp5G6
[2026-03-14 09:19:51.247655] Update #1949: 8xmGItbmpM
4qqHAUkBXYHtBimyOJF
[2026-03-14 09:19:53.406528] Update #1950: G5SmHoqG7YJFdYkXh1QWuBQCDaWZct
[2026-03-14 09:19:54.509117] Update #1951: 7Roqwvfj1NNzfqsOO
mZJBBMmGTjYM
[2026-03-14 09:19:56.671530] Update #1952: b5C6XhZpTfM6
a
3jn14AK5BEG2Cz2
[2026-03-14 09:19:59.939411] Update #1953: jCExx42az1MzkKArO8T
hCkZ8P8JF9
[2026-03-14 09:20:01.039986] Update #1954: 099NK4e0K2ygYXQDzzKJR6mSODay8A
[2026-03-14 09:20:02.148101] Update #1955: Fq7F
l8jBZdbyryvpKq17esrbeItdW
[2026-03-14 09:20:03.247721] Update #1956: x5llrJ6MvZKJ5SufpXpob7PhGDiUQM
[2026-03-14 09:20:05.435754] Update #1957: yYFD1c8aywREqBkK
hSajenjQSP4N2
[2026-03-14 09:20:06.547492] Update #1958: MRuVpPtpPOCujdF4UVHkfBlLnvFMQI
[2026-03-14 09:20:06.549212] Update #1959: Zu1uI4nWseXwR8vGCnB2YBcgOwM1Ww
[2026-03-14 09:35:29.837656] Update #1960: F6oQ2qSiUYNmKuP
13sEX1f4EKRaXd
[2026-03-14 09:35:32.005294] Update #1961: qlR6GXom45wLi9jwLqs1mQBKiuy77x
[2026-03-14 09:52:00.905941] Update #1962: eUUhPbsPbgPBGQdH2WVgkZJL5IPFm7
[2026-03-14 09:52:12.179768] Update #1963: oNzW0hqERUhirN5wcBnG8m4yDmPXQb
[2026-03-14 09:52:15.486862] Update #1964: m1TWmzl9XUJwc7XrHgF3gmRJAV9ktJ
[2026-03-14 09:52:15.488271] Update #1965: 7tCkW9Lt9IemEvCxfwKiBdwmuZdNEX
[2026-03-14 09:52:17.654966] Update #1966: EXFCKI
AcSiDhR6Rz
yB4ZCZ5fnzi0
[2026-03-14 09:52:18.746714] Update #1967: siXtZ3MKNTjbFH49vA
2SarbMRv0zP
[2026-03-14 09:52:18.748843] Update #1968: dv6kQNmzPESgXDKIzODgqWAk
O61rO
[2026-03-14 09:52:26.706200] Update #1969: qiPTkaOwHiSyiKutDUUcecGSizqy
y
[2026-03-14 09:52:55.070514] Update #1970: N
SfvcaHLWiHbEj3MJAIvbTYPI28nl
[2026-03-14 10:08:53.876845] Update #1971: 
ybpS0MW4ec4iAP0Og
IoeHCiGAeeL
[2026-03-14 10:08:56.061041] Update #1972: qe4v3JkYuOwKgnn5GQqJlpQqWyuQVM
[2026-03-14 10:09:23.903559] Update #1973: 7uSq5WhBlUQZ6FBgUKo3HF58EKhLHO
[2026-03-14 10:09:26.126007] Update #1974: wPHKbR05b221u6v68DINkIb
F9HbI2
[2026-03-14 10:09:26.126950] Update #1975: 27znIiFXuZke4mXgRybSuZcRk5JfmR
[2026-03-14 10:09:27.234111] Update #1976: 5yzji9KN9N5kpgKMJZENT4PGl0K1qz
[2026-03-14 10:09:29.421599] Update #1977: 6EBFMUyTX5jGHhb01XOKQEXV2gcA1N
[2026-03-14 10:09:31.597432] Update #1978: 8d
xwKXOSSOnmKT9OnQgnVZoFVjFFP
[2026-03-14 10:09:33.788794] Update #1979: 9jjb
7x0tkY5DG26raLMkVODPzddPw
[2026-03-14 10:09:34.890930] Update #1980: 6fkZl5hjyL43MH88Eqa6aN14ui9jQT
[2026-03-14 10:09:38.160574] Update #1981: D1fLypN3uzctcTpfrUkjrgNslhwpfu
[2026-03-14 10:09:44.745524] Update #1982: 99mxraXj56uEZOtWm
krh5L9o35tks
[2026-03-14 10:09:52.433047] Update #1983: eoJ4LFOD6qQnnBdGw5lAhOggNt9TDN
[2026-03-14 10:09:53.537398] Update #1984: GHXrliJAeJHFIR9r62iwZ5jyxLkKMl
[2026-03-14 10:09:54.620051] Update #1985: aiFppYYCeUUa6biqXUCAaCskjgu5jR
[2026-03-14 10:09:57.889089] Update #1986: blcg8KZDWQ0vwumm7KXAoYFiN0VZHY
[2026-03-14 10:09:58.996485] Update #1987: ovaOic4yUobkhC6cwS5GtNNBJpayJx
[2026-03-14 10:10:00.089159] Update #1988: AyDuTBlm27a6MFH1bV
liaO2Th57XS
[2026-03-14 10:10:02.304745] Update #1989: 3tTNfpPnFs013y57zQfASIwFRQaEBH
[2026-03-14 10:10:04.463254] Update #1990: CGyNnfXDIChSgRCqDORoPzgHwEVwuc
[2026-03-14 10:10:04.464956] Update #1991: YDEbJorxrP9xEffRNcbg9yFU5bHvO4
[2026-03-14 10:16:38.786879] Update #1992: w3K
c2p3jyvkIlKUYbdwLfZonLwVaE
[2026-03-14 10:16:43.218853] Update #1993: cd2cxMjLzHEdoLiZsC6J4ac5oCPSaj
[2026-03-14 10:16:44.298048] Update #1994: j2UaSNtsmgSmc
szgrfXdAIqDL4tLj
[2026-03-14 10:16:45.375872] Update #1995: 9B6u7gNIvrBFhSjM7DZpAfy5BW4N7k
[2026-03-14 10:16:45.377619] Update #1996: xtaHeW2GGZoXjVc49xzMo94PSsDza5
[2026-03-14 10:16:48.625517] Update #1997: Sgs8jYEvbFgSMWp0tNDGXbfQ2Nzi
h
[2026-03-14 10:16:49.704955] Update #1998: Crnanp19VlTVIcUpsQsowR4
xUFROT
[2026-03-14 10:16:49.706373] Update #1999: Vdtfkh3CKAQbKhptrGn9Kle0y17MwO
[2026-03-14 10:16:53.013593] Update #2000: 5YRkGQ2p1KTQVDuhm3vWkkLEYmKwB9
[2026-03-14 10:16:55.189022] Update #2001: 4kkCmVbnTpRZPoxXEivCk6pKF05FoA
[2026-03-14 10:16:58.443606] Update #2002: rcpkkthL0AaQUQ
Xxox5nkOE9QxZTE
[2026-03-14 10:16:59.536824] Update #2003: gGSEFTMinkjqZ
BHrefAnwFpKlXj
g
[2026-03-14 10:17:02.793521] Update #2004: XgSSHzoBqJVXvmlPQ0l10UgHID10g9
[2026-03-14 10:17:02.794089] Update #2005: c9eJcgQXU4Qb

NkU30Kjro4cYl3CI
[2026-03-14 10:17:03.896211] Update #2006: IVPQ6o5FcgX3L5v2DIuCWIjJO8HlqV
[2026-03-14 10:17:12.645846] Update #2007: k5bepjgtLwH3xJRUTXEQYPDC7xn5JK
[2026-03-14 10:17:14.850364] Update #2008: YHffZUeARC7QSCfrZwfo8wgdHimL9y
[2026-03-14 10:17:14.852098] Update #2009: syNytjigPO6HJ84lAX7AM7NCsCW3MG
[2026-03-14 10:17:22.475701] Update #2010: fh
e4V6kXINj3g1Si9v02OOKWLgQ2h
[2026-03-14 10:17:23.582498] Update #2011: Bd5cjYfXD
YE7NZ2Ng1J9xeuDEABnf
[2026-03-14 10:17:24.697982] Update #2012: 0W94yp3X4opw0ZLUxZxfLjcIC7iGdQ
[2026-03-14 10:18:17.510866] Update #2013: 7Ww4gc9LJdczN3bl6ryVS6dS6Lj4TJ
[2026-03-14 10:18:18.621069] Update #2014: N4685H4E
gcMu4nwyAVIvaauFtls9K
[2026-03-14 10:18:20.806252] Update #2015: XSrw8zsztRiCGZmlIDxgWGieCGyfKe
[2026-03-14 10:18:20.808667] Update #2016: 962v7cHWO1ylU

nVzexyNmqdoZoPm
[2026-03-14 10:18:21.912627] Update #2017: CcK1IpODYUnUIP8aG4273KsymDqg8L
[2026-03-14 10:18:24.099925] Update #2018: suybAyuab7QnxmzmyoA2Yo4CGLMwSm
[2026-03-14 10:18:25.204570] Update #2019: P8Fe
tqkaH6FamQz1u580LEJGBvjPn
[2026-03-14 10:18:26.313184] Update #2020: u6xmXfgLGDJDES2nWDJw4hlwZtBhgS
[2026-03-14 10:18:26.314094] Update #2021: CQ33G6TsxRIEe0UnBUVRJ2o787aY
S
[2026-03-14 10:18:28.498569] Update #2022: 6RWRz5ggFF04RnsdINXDS5PVtspmP5
[2026-03-14 10:18:30.681109] Update #2023: PQ669UQ
Y9y0WOY4K2TOVUlnq6FmFT
[2026-03-14 10:18:33.979356] Update #2024: 9yIPvADYGN8xPAUYVkJoidvUVfF4Ns
[2026-03-14 10:18:35.082831] Update #2025: 9ehXsDedMrj56Eix97LcAEJoWbhRgZ
[2026-03-14 10:18:36.161864] Update #2026: zJrK8iy0Vpr5sMlgxApjf
PWTLWJsU
[2026-03-14 10:18:38.348797] Update #2027: LmgpS7H2dwzd6GCbxC0V89KBk38IXC
[2026-03-14 10:18:40.538361] Update #2028: 
DfyxS
Ko1yAAO3jcLavrNh6gbLVzM
[2026-03-14 10:18:43.844505] Update #2029: kBrUtLMjPd7UggZmYTh76OtBKaBEn4
[2026-03-14 10:18:44.937841] Update #2030: YFqU176rDe
7l1FGUtFN
tXQKoCOe8
[2026-03-14 10:19:01.269073] Update #2031: XMFM6mqhwcO2QXGiBIvLPpFvvufGF8
[2026-03-14 10:19:53.203853] Update #2032: mEoEju3bdNrJF8Bf1dzQo46Yo7wAWi
[2026-03-14 10:19:55.361241] Update #2033: x8fgFNYVhLQvZfFTxy2chSWTdSmWVP
[2026-03-14 10:19:56.468194] Update #2034: 9XHNoc1wi
zx
QgLJaIar9
4mHWJsi
[2026-03-14 10:19:58.647879] Update #2035: lHXWZPQE1VduJAgzTkPWwAMx2TZy6D
[2026-03-14 10:20:00.852144] Update #2036: aFTSL2d7q8YOj38QBc8vVE80kiKiu6
[2026-03-14 10:20:01.942528] Update #2037: PCwl9H9mFYuEc6NyWsxDxhhxa1qJSX
[2026-03-14 10:20:05.209667] Update #2038: 9XSKSsvombGSOq702nDzN8y9yLfK9A
[2026-03-14 10:20:06.305999] Update #2039: WmaYPivFnS1YpuKcUUmsZLnP11vI3N
[2026-03-14 10:20:10.681184] Update #2040: Lwlo4EQLQ8TvOu7PKY4
0qBUEwNe
S
[2026-03-14 10:20:12.855916] Update #2041: 07iixSKD4TOhDMgEjsi
6aRQ
eWemD
[2026-03-14 10:20:13.962790] Update #2042: LnNXGBr4Jo8SY3pYPyq9rSWavGE4Pw
[2026-03-14 10:20:13.964551] Update #2043: VuRd8Ta4qCaNpGWEOXU2VEDeyTNF4F
[2026-03-14 10:20:25.919899] Update #2044: PzVG2rtYptHcYq8lQeOUiTQ8kjcNCT
[2026-03-14 10:20:27.027476] Update #2045: q6DfSN5c3OO2bTjEJu48HnQIGy0bES
[2026-03-14 10:22:32.613207] Update #2046: pSd4rTxu0qixgYh0dDxmYHr9KGhd2d
[2026-03-14 10:22:36.956152] Update #2047: iwlC36v66eN4GD5sjHi31qNumSgjvp
[2026-03-14 10:22:44.587015] Update #2048: ekF2csdrRm2fsbqRvluhO2XrXpDHw9
[2026-03-14 10:22:45.696928] Update #2049: ybJDdyCoVO34F8
frnoF7OlBbcrIEb
[2026-03-14 10:22:52.223011] Update #2050: DQKTE56OEvADakZ6AUBTtpDZufrl
e
[2026-03-14 10:22:57.746778] Update #2051: YOM5
TO9KGhC7zzGMpIn6xdrJz5sHM
[2026-03-14 10:23:05.405518] Update #2052: 3Nd
brLjgute6JmnMClvSzJ7nnJmg0
[2026-03-14 10:23:10.900847] Update #2053: YFwAk4UvdUxBcmbfOsnFbh
fzKOF4i
[2026-03-14 10:23:13.122559] Update #2054: LxEJOFUJmLDzJy9yd0Kgx5NKO8ZXMS
[2026-03-14 10:23:15.311646] Update #2055: QrxkCarK6LwI3KV0cP18rkZTYlHsXY
[2026-03-14 10:23:15.313450] Update #2056: xLghLYEc9Z4uJ4Fb0Vr34otY4S3bLz
[2026-03-14 10:23:16.423204] Update #2057: vlLFE5H5citFSVezTRsHUgBCG1W7E4
[2026-03-14 10:24:49.492833] Update #2058: 67HVSC4yBzmPlr98I2mnLpbMMVr3c2
[2026-03-14 10:24:50.600567] Update #2059: YNCKo3PTbn06dDFtIH1cFcQX5FN2Lr
[2026-03-14 10:24:50.602621] Update #2060: l9P2Sq
LWbN0U6VuY696mW5mnkNmNG
[2026-03-14 10:24:56.058673] Update #2061: 1hWdHHO2IyJpeVGnCgARz5uxQeqUNB
[2026-03-14 10:25:03.700170] Update #2062: D9tSOiSoCyU4iwMlSLGEtnssPZDj7m
[2026-03-14 10:25:04.808435] Update #2063: 8n1ooeYUhOC8kFf44ZfPLVS5PX6Cu1
[2026-03-14 10:25:08.060549] Update #2064: rnjfFkTaYJtWKGrrZnsrODhIfjQgSj
[2026-03-14 10:25:08.062165] Update #2065: w9Dw7E5HrLT3MBkknuQ7QS3XoKY1aZ
[2026-03-14 10:25:10.244862] Update #2066: 4UeX2XxeivJgk5sox6pnEC03RJ0z
r
[2026-03-14 10:25:17.882821] Update #2067: 789zwDjGCYqAq0bKnJowoofsyJdf7t
[2026-03-14 10:25:21.173414] Update #2068: uHP2ovuu1Dnz7NpsZSScLzkb7Xlxzb
[2026-03-14 10:25:27.759931] Update #2069: 83Up4hOXIlCsl4gCeRHvZl2GiqRwVx
[2026-03-14 10:25:28.853257] Update #2070: IP
4RKHMv1HKD8a8YAygsH44c7

kG
[2026-03-14 10:25:29.961464] Update #2071: 71pyY
SZ0Jc
rxoIPgCdqgPVOXY
rf
[2026-03-14 10:25:31.067827] Update #2072: EmZtQbpfUFiYday1W4Y9fFdvZkHvhG
[2026-03-14 10:25:33.279538] Update #2073: C8m2pwFOk
SVuZbbqDwP5SjFhjluqj
[2026-03-14 10:25:34.388264] Update #2074: WtKbONwMl9PucHpm4pUj7SzdzeYBY2
[2026-03-14 10:41:27.329391] Update #2075: 1l7DZhXp8b0mHBjEY
qD7kBVeWARgn
[2026-03-14 10:41:29.504040] Update #2076: h8MZn
BcGaTc8jfcfhc9TklDttZ3iV
[2026-03-14 10:41:30.597142] Update #2077: iebG
lAuG5pGu31tYvD0ZO4OO49yJo
[2026-03-14 10:41:30.598921] Update #2078: NgAq
QKJR6Qtukybn8xjdjKcGQn5cg
[2026-03-14 10:59:26.073887] Update #2079: blYDJae3LfORcQZy0l3GpjjmWUiN
Y
[2026-03-14 10:59:26.074169] Update #2080: YDid5Nt7kKu1Fjw12cUGea41PwU2PA
[2026-03-14 11:14:37.147363] Update #2081: e6DUftFCkWDLxQRParUHzXH0t4J6Ua
[2026-03-14 11:14:39.339381] Update #2082: xWAcEiI97PvkUGP84uUge4mxBcXKkX
[2026-03-14 11:20:48.238236] Update #2083: aWXGKRjU3NS6k
kP1OLFtdnbk
Y0du
[2026-03-14 11:20:52.601271] Update #2084: yv25boc4SmJiRcEqsW1YoIexPnp09j
[2026-03-14 11:20:53.667904] Update #2085: 8Sp9jRLBeOry8wgdqmGKuf7Qsumoir
[2026-03-14 11:20:59.137270] Update #2086: VkNmJ
VZicn7NdCObqOFN
wvJrOuPs
[2026-03-14 11:20:59.139921] Update #2087: NPobpnybHXkCYPM6GouHLRhH6n5pHs
[2026-03-14 11:21:02.439360] Update #2088: tnG26fio7e4AePsmNyA3TxQFNKTHD0
[2026-03-14 11:21:03.542187] Update #2089: glEHeFu3MSsPVzQrfSR32XTivEw7QW
[2026-03-14 11:21:03.543049] Update #2090: tuoMO5WZdJq
lUokYXJmAJ2WM3951l
[2026-03-14 11:21:06.883442] Update #2091: bMCdvxwgjKuKSARp3UPo8bvVDFBjAT
[2026-03-14 11:21:12.370156] Update #2092: Eq7RJTz3T8ZNfcbpisLbk0QccMqzWa
[2026-03-14 11:21:12.371218] Update #2093: Ed8S7FvS9LLXAXFN5ko1FLcX6GEz2H
[2026-03-14 11:21:13.476157] Update #2094: ZS5FIb
9xnBqe9d2IY2IZJHFmXnlbJ
[2026-03-14 11:21:13.477977] Update #2095: 6qq7pr4vluO2jH6kesRLA4mzeOoChN
[2026-03-14 11:21:14.581811] Update #2096: 70lVYwid7z3Y4b1iYNIWQrqw3oOoCZ
[2026-03-14 11:21:17.862034] Update #2097: sDDsJu9DIkNqC4X5umcqqQd3p88v3x
[2026-03-14 11:21:23.334467] Update #2098: IemEUeg5B243veULwIrBpbkRD34yFN
[2026-03-14 11:21:26.616000] Update #2099: ivgQc1gk9lQ0v4IBRUZ2R06LdfCbT1
[2026-03-14 11:21:28.807460] Update #2100: edYBQusAuMRaPOFWR3rB0yuSjre0Y2
[2026-03-14 11:21:33.225309] Update #2101: 69klGLZieU7ZyTMKue4DUiSSd49OYU
[2026-03-14 11:37:13.609833] Update #2102: 3p1tQuSdEjlNSx8DWTMm6Xj8jVxWFo
[2026-03-14 11:37:16.892847] Update #2103: SDXHjwtu9nNuKcb8hwmDLf3hvOqWzi
[2026-03-14 11:37:18.004011] Update #2104: YJVnIGXtfeyvdHUHsvU0Oe0CBtzd4O
[2026-03-14 11:37:20.182938] Update #2105: vokfVJJLG9KKGCvvib8q1AwotqZOj8
[2026-03-14 11:37:21.289951] Update #2106: gM
VfGCCdL5pqTRIitA8hYHBadABkR
[2026-03-14 11:37:22.385473] Update #2107: LKiL6DB
8iXYwscwv
zaduKkTQ4o2d
[2026-03-14 11:37:23.486976] Update #2108: BxsCcxcnc8YQvdd0kZmSaEVZ4eckfN
[2026-03-14 11:37:23.488764] Update #2109: Xo3jWrTfB4pLCoSgN9ONJ0d24H1sD9
[2026-03-14 11:37:30.058538] Update #2110: cWqezI1I7SGKYps3jqUAzNgishaiTN
[2026-03-14 11:37:31.170550] Update #2111: DrT
vTBzPlziWUxpMDTi
hBY6YTDss
[2026-03-14 11:37:32.267562] Update #2112: 1jolHOF47ffD7fE45uG22q0jgcEhS0
[2026-03-14 11:37:33.375832] Update #2113: WzxrjUErU3OdZRs
AXqtUJNa
dM8HJ
[2026-03-14 11:37:34.456015] Update #2114: HPr6XNi
k6oOZFaeIzFxoL7sQfKSsd
[2026-03-14 11:37:36.630294] Update #2115: uqiG1O4H8szyLLHx4BV5Z0t502VrfW
[2026-03-14 11:37:37.724527] Update #2116: FVW36iqZlkMGPYD5dbfmS46k9UJOtP
[2026-03-14 11:37:40.964137] Update #2117: jJszxIjvFQjzP1r9HAbqJavbN5JJBc
[2026-03-14 11:37:43.144971] Update #2118: U5wCwkXPCtyAHhiTnS5UYjima77WOh
[2026-03-14 11:37:43.145871] Update #2119: wNtPnMCx
bVqHBDqHD5PMctJyR0jYC
[2026-03-14 11:37:44.249031] Update #2120: TFkG8v3rLsyjr5bqjQ18RosUzrPUxF
[2026-03-14 11:37:46.450139] Update #2121: qehdCrlA1xtzi0tFRM8wkfKbvMndFg
[2026-03-14 11:37:46.451902] Update #2122: yWL0Oispo35EtjgcoDIdqVk5dfchBl
[2026-03-14 11:37:46.452810] Update #2123: b4tjlLKw9uhjACE7WYoSEp
VLbGcOM
[2026-03-14 11:53:15.582818] Update #2124: SCDaTQ9IORpcmCWyaCLg
zjsl15S
U
[2026-03-14 11:53:15.583761] Update #2125: EvspQqXYkuKu3e6ilSz6V5RJtaiQWm
[2026-03-14 11:53:18.871709] Update #2126: mNO4GMPHae26CyXUEJxearlzRwjC84
[2026-03-14 11:53:22.155555] Update #2127: VK9IqwCAaMJXpDBUCZn3KHUXw7hN11
[2026-03-14 11:53:31.113344] Update #2128: ACPSD8GjC8ivMVgXdf4C9y
CH8C22c
[2026-03-14 11:53:34.347829] Update #2129: GWS5UL3C5h14AdLk9
Jfh
hMk6vzaK
[2026-03-14 11:53:36.539324] Update #2130: Pdbukup92yzjIrD2TJqhyIO2hdYntq
[2026-03-14 11:53:40.942865] Update #2131: gKjM0
IkYmrUweTtObQmQvakLrE626
[2026-03-14 11:53:48.603049] Update #2132: bkmbHDqkvBPj6z72vjvFzzxvHCzBpB
[2026-03-14 11:53:49.717633] Update #2133: pFRFKacIVnrBqRNmwcuc13mEwLJqWF
[2026-03-14 11:53:50.824393] Update #2134: eUj6kdHe1ig00F
2xiGd3hkQX1TioM
[2026-03-14 11:53:54.072846] Update #2135: xIKgK5QmMmL1hhPzcgkScjvX5esaaE
[2026-03-14 12:09:07.610047] Update #2136: dUy3XgQ
fyUt1Nd4Or3Un2hqiCOYd

[2026-03-14 12:09:08.711947] Update #2137: AK7eXb224aOMc
Zuwrpxsy9XeUSJka
[2026-03-14 12:09:09.817859] Update #2138: r7iaHtYeB06fQacJq
gaQuLb65galp
[2026-03-14 12:09:37.876636] Update #2139: X8uXWOLBZYqVUsidJR
RtCRF7v0Ak9
[2026-03-14 12:09:44.460662] Update #2140: FJVM0kaTzgvD8ps21ytL61h8IJDXYU
[2026-03-14 12:09:47.726833] Update #2141: Dvg8nBXZP
NeTjqZ1Xt86qjgDdkMyJ
[2026-03-14 12:09:51.007617] Update #2142: Nao5EmOJi0ggT6pJeIqXw3Fyx6Op63
[2026-03-14 12:09:54.289127] Update #2143: AKhmFZUbB2badbajYwn0bpVNp0ugk4
[2026-03-14 12:09:56.715662] Update #2144: Kh0C5xBAxw4p02x4imZ7S55PqR6b5s
[2026-03-14 12:10:01.082012] Update #2145: OR9aal1kemQIdIyfNoo7GLhCQgMjqM
[2026-03-14 12:10:08.684062] Update #2146: p9RJiqbqT5Qir1XiSxqZOxvmWEKovG
[2026-03-14 12:10:10.883549] Update #2147: c0YPw4fTIbH3g
e3tDFz7JV7FLr5ZP
[2026-03-14 12:10:13.073240] Update #2148: Qi7vllZIaRsjBixyM8i14eIv9GEf9v
[2026-03-14 12:10:14.166047] Update #2149: snQAvz4yUdgEfvuFMatw6KQ53URbs4
[2026-03-14 12:10:15.241649] Update #2150: mQnuxWJFnNQm33JwTNchkmX1VZmNT5
[2026-03-14 12:21:48.573311] Update #2151: nBzrD8gtvewaJshwOGf
dAh4OeD2i

[2026-03-14 12:21:51.794687] Update #2152: uFArKigzzyfRRoggsPk2y8jOyev6gV
[2026-03-14 12:21:54.009726] Update #2153: FlUl2saaoQWYYND3IJbx43H0TDMVZn
[2026-03-14 12:21:55.118722] Update #2154: mXpvkt4MShO40XehKvTsaYlOBVAtSk
[2026-03-14 12:21:55.119325] Update #2155: JVc
PskoYku1w2xga4i4
L1z6VrdaT
[2026-03-14 12:21:56.223105] Update #2156: k5Je58gyfga4DiKoBJb
aZd7ZMGeFg
[2026-03-14 12:21:59.521247] Update #2157: 5xmjioeA3YldKu1Hlht7teiMvYXNs9
[2026-03-14 12:22:03.926380] Update #2158: b3JhElx7yNW05v5NvdV1CbV
Wjd4vf
[2026-03-14 12:22:03.927084] Update #2159: fI80R8emNQVCa6H8r
c4110UWN1jcY
[2026-03-14 12:22:05.032040] Update #2160: oZvetaXzmMaJN0PLkcFd5cTvVPeP2P
[2026-03-14 12:22:05.033135] Update #2161: rvNXogBASUz5cGRBTxokb3A9goABwt
[2026-03-14 12:22:06.120286] Update #2162: cqvtWrJX0rZ2vThQvcVKGtOijfv2v7
[2026-03-14 12:22:08.346051] Update #2163: H1ddfBnxGD4AV0i
zu7T6JKYEqe
K

[2026-03-14 12:22:13.850508] Update #2164: fc452YigMtObE3nIrrKcXAGEjyYSqh
[2026-03-14 12:22:16.729034] Update #2165: fbxJpK0316YEAQvyvGkmP5A85SeeUz
[2026-03-14 12:22:22.197855] Update #2166: nRie
SF1RGzgy32T1nSJyd5qQC6T0Q
[2026-03-14 12:22:25.506656] Update #2167: Ryr6VJH12mGfqPslOtaWyUoHKUfLue
[2026-03-14 12:22:27.710687] Update #2168: R8z3bX8eP4BD0bRRgKrGxcGKS4zJS1
[2026-03-14 12:22:30.974898] Update #2169: enL
FJx
MUp9EyGHeF0jA4uCBIHG8w
[2026-03-14 12:22:34.217967] Update #2170: wNrvwKBlzjFnwYFAdtM6GyxyMtMDfC
[2026-03-14 12:37:39.155435] Update #2171: ir2gboFlmmsNPyjzP5nPZf7gITvMDp
[2026-03-14 12:37:39.156533] Update #2172: AXpTS6fAM7HnwyUAoIR7MstKiTuAcG
[2026-03-14 12:37:41.351060] Update #2173: ZmkHfl1
NtSNPSoo22UNB4XMI9aH
o
[2026-03-14 12:37:42.443333] Update #2174: tSNq7uX4bWJIYifpwwPQZrjs5zNJde
[2026-03-14 12:37:42.444669] Update #2175: wfyAzJNPQcZe2VYeate
ZAOTREW4i3
[2026-03-14 12:38:09.504824] Update #2176: OCPgbSoJNqBzTQXbBe
6SG3TBluX2r
[2026-03-14 12:38:10.595099] Update #2177: PtC77JB59pcMRTEhpIKiQEapVBocUu
[2026-03-14 12:38:16.043266] Update #2178: 
mCDC1mITQRdmi
BU7KE4VjlGIsrch
[2026-03-14 12:38:23.632410] Update #2179: D48LuZIL3G1mdRTswvOiOOVXdzyU9

[2026-03-14 12:38:25.839039] Update #2180: exdkalgIPEtHj6lAPzWBH5gGzETLeN
[2026-03-14 12:38:29.109192] Update #2181: tpJ5jT3MFg7A7QG5UqX52TNo
dHu1i
[2026-03-14 12:38:32.406978] Update #2182: YCK1XPu0BHWooKYVFon5ngUwoJHpmv
[2026-03-14 12:38:35.687821] Update #2183: 1iK5BGJBCqAEpXOCecFxU
AoY6EMuI
[2026-03-14 12:38:36.781711] Update #2184: BsGyR1eMPUoWiKJz3C34SoQ
o85Bsb
[2026-03-14 12:38:40.416838] Update #2185: EJWnHk
pfPxkIkzHeJtkifPgrBWeJV
[2026-03-14 12:38:40.417689] Update #2186: Wha1eSoc8bea435Udo8leesx
tzbNO
[2026-03-14 12:38:40.418242] Update #2187: rZEE0OhxrglW4DIUsljqWUI5TgSO7K
[2026-03-14 12:38:41.509801] Update #2188: OF7HG5jHTNQPaKdbUaVMeRvaKucSjL
[2026-03-14 12:38:41.511126] Update #2189: 75ErVVbim9Ekj85SN41dzIJ3yZvJJj
[2026-03-14 12:38:42.614816] Update #2190: xzaQedviqNhFMbQVITZn9CBzrg10jt
[2026-03-14 12:38:45.901320] Update #2191: ZvIVr3SVZNuTIinhEya4cSkyzgIiMH
[2026-03-14 12:38:49.191669] Update #2192: ggsGIRqfM7MDTmI98ktip6PBm2Sdgi
[2026-03-14 12:38:53.606425] Update #2193: aYNABPfhxRJw8MIUCIaq4BCoEE32DY
[2026-03-14 12:38:53.608138] Update #2194: jMfVTWk6MZQUlbNTIG3ppodJZ6fVTU
[2026-03-14 12:54:22.830186] Update #2195: 1joFk3LolswouoOIBxax9smFARCaBQ
[2026-03-14 12:54:24.980566] Update #2196: Fwgw
C3HWb0HWLpHCRvloXcE0PBpcp
[2026-03-14 12:54:24.983409] Update #2197: 1Dxa0bRCfqYFTTFByN11d4p2G0b05L
[2026-03-14 12:54:30.438505] Update #2198: hPCU9fDLf7x5Ja7JWLl72ZkuO0
Jks
[2026-03-14 12:54:34.814415] Update #2199: oHt2anL60GpX0dP4CPiv8Z6joaiqeX
[2026-03-14 12:54:38.092007] Update #2200: vvWU7ucEvNPePM
0DeyWo19Y86p0zY
[2026-03-14 12:54:38.094131] Update #2201: qHL0AoBvWtnjl8COxC5OMbkMfxq6dN
[2026-03-14 12:54:39.198332] Update #2202: t44TysQE4lHartbi
LByyDEHjDb4DF
[2026-03-14 12:54:41.371625] Update #2203: wgYVoTalTz8OjrM8wvJwHxPHtCXjhU
[2026-03-14 12:54:45.772315] Update #2204: vMhEoesGMrvfILKTsppKYt9a245cTU
[2026-03-14 12:54:51.227772] Update #2205: a4SFtyPp9jdSbMZo9NNOYnlRe
fmmC
[2026-03-14 12:54:54.493117] Update #2206: UDS5L8odmPZHmICfys2KZ6RwFQcAQ6
[2026-03-14 12:54:57.721082] Update #2207: hlIIpNpI5OC7yk6Eaku4
aCmUeaEij
[2026-03-14 12:54:58.784790] Update #2208: 
RBLxQCj7w3DpKiytn4yVFNl5CVyfx
[2026-03-14 12:55:02.167889] Update #2209: XI8zh52jfFg7ikl2e16kpqtZydJeHF
[2026-03-14 12:55:03.220070] Update #2210: CNdJZJDmuzONq4pAc9pZPf
7JYkeGK
[2026-03-14 13:10:43.515360] Update #2211: T0UYYCgCmwpan9je4yZmb0hk6YfTyD
[2026-03-14 13:10:44.594269] Update #2212: K2qpeCkgJnN64crHipn1Z9iohU9Met
[2026-03-14 13:10:51.008466] Update #2213: bDfWLFk2jvzteWM8UKGD9XbtQQbdat
[2026-03-14 13:10:57.418396] Update #2214: Ubxcr0dnLPLsdOdM
LDXfZpkEK5h2A
[2026-03-14 13:10:59.559327] Update #2215: TzgAxvaYAUf5SZt9OpktDCVjcgYC1g
[2026-03-14 13:11:00.638043] Update #2216: TyA9vsaPTuF19C13Ty8Get0Ogq2nTf
[2026-03-14 13:11:01.719407] Update #2217: th9zu30Bl61lagI9EQqGdrJ6Km9ezU
[2026-03-14 13:11:02.771321] Update #2218: CMmyUDb8WTGpLGbY7NYZSDg50uM
bG
[2026-03-14 13:11:05.921980] Update #2219: XM1uWLSBt2WlFW8dAfkXhKpjqMA
Oh
[2026-03-14 13:11:06.975393] Update #2220: BbGuampp8ncgBMoksSzVxOLcBnyrM7
[2026-03-14 13:11:12.430445] Update #2221: sUEct5pSXLPf
lvvHKaZ1Dass2W5oH
[2026-03-14 13:11:15.728769] Update #2222: IAcwraSObo9TsAF
4oGtYh4VqDlX
T
[2026-03-14 13:11:17.918255] Update #2223: 7qXs46k9gRrBI6ujo26lmmzyhEiTxR
[2026-03-14 13:11:22.583089] Update #2224: okk9V3TUqIzML5jPDwcsAxwdnsctO4
[2026-03-14 13:11:22.584541] Update #2225: 9yUNk1buL8a6wS9pkPknykHRJJ2HsR
[2026-03-14 13:11:22.585171] Update #2226: gaVvIQnCdSRtkXtqQiZTHSEN1YYnAC
[2026-03-14 13:22:47.380493] Update #2227: nAgnZpbqy7N
Jgbzbwz8uacXf5e1Q2
[2026-03-14 13:22:49.559577] Update #2228: CmmisWh1ADtj31ATau
Rc9VkKOMxs6
[2026-03-14 13:22:49.561736] Update #2229: 9ipeqeKE4cCuOjggUf1NmFosocQAD1
[2026-03-14 13:22:53.938528] Update #2230: 0SFrPzT0qM
Xr88FKGru74nZyVCV16
[2026-03-14 13:22:55.042657] Update #2231: a9V60aZsvZnGbZzj0uMuzfZ
AvXRCd
[2026-03-14 13:22:57.251930] Update #2232: PYv24YKYNeTFuI2hX1j2KCTGdn2Iix
[2026-03-14 13:22:58.342217] Update #2233: vIvvzDwK6BXZj9lXd4NQoJW0ygbSPZ
[2026-03-14 13:23:06.034817] Update #2234: 1eCJ4KL3MmyKqCKHJ6eBW0zF1OX3
k
[2026-03-14 13:23:06.036773] Update #2235: Ud
78yY9pWO8d3SIcGrp3lYOG3Xnqv
[2026-03-14 13:23:07.137570] Update #2236: ch1Qb
1PzdcjzNUeDy9HKyYA0TDf25
[2026-03-14 13:23:07.139403] Update #2237: Robr8ePm
wh49sYhLxXk
VyNVJ4en1
[2026-03-14 13:23:08.243759] Update #2238: TD5reWOY9MdEvCQaH
0G5VoOcA6s1U
[2026-03-14 13:23:08.244121] Update #2239: w1I2KV6d2LPR6JK1Tkht6AMrHCrFYy
[2026-03-14 13:23:09.325578] Update #2240: Rl3AbX7lE4XSRqmAOdsrzLWKqBqzcx
[2026-03-14 13:23:13.677537] Update #2241: LswTp16g5mzIlr30FSu9i8d6U1TBoE
[2026-03-14 13:23:19.130214] Update #2242: Num2s9Upp5
fv04ExDlMNxdJaMj0Cw
[2026-03-14 13:23:21.338787] Update #2243: Oa11DIXHVo72vQFMtTHG04tb6L
nWy
[2026-03-14 13:23:22.450217] Update #2244: m7n6eqkYHjjmySan1pmZ0
kylI01FP
[2026-03-14 13:23:23.545349] Update #2245: 1U9ktdOn3bP7u0BzUrCMOw7sCUNkxc
[2026-03-14 13:23:29.054538] Update #2246: b3VRMugARD03PRHa3bN4SBB3XlJ4NH
[2026-03-14 13:23:30.148769] Update #2247: a4mAo
EDk9B6fGspDs8m305qGOaBav
[2026-03-14 13:23:30.151569] Update #2248: oCjEhQrbJjFrRS6rmUmejdHs1dnb6s
[2026-03-14 13:23:31.258178] Update #2249: CmMtLqO9cWGc85hamdPLKtTFLycbql
[2026-03-14 13:23:32.340024] Update #2250: 94b
0KdtYd4ZZc7ZYEoGDxSuVj9wMn
[2026-03-14 13:23:33.419067] Update #2251: vkoMJM9MDWAJlGy7y36a3Rs74fYJx1
[2026-03-14 13:27:43.892340] Update #2252: XeXzdynMSBEMRE4TtV8kShoKfOQ87j
[2026-03-14 13:27:45.005191] Update #2253: LJDR0bcOjG
COQK7j6E03NTCNfFDiy
[2026-03-14 13:27:49.347787] Update #2254: PrlQsf2i2V1jKEkhzJhiT04sXY1fvj
[2026-03-14 13:27:55.901408] Update #2255: YiphXl0buaOM2MQlTI3D544eM8KQXK
[2026-03-14 13:27:56.997797] Update #2256: SaY6lXxtxXn8ARr5VsBIVCtiSgOzkP
[2026-03-14 13:27:59.212009] Update #2257: n
5d2fBZoIFQ1cpQ0edbTVCFfNbHj6
[2026-03-14 13:28:00.306096] Update #2258: xK4l3vftuT5pSTXaUQpeB0dEiee14t
[2026-03-14 13:28:01.419806] Update #2259: 5epzdmslhzl4Ir4QvvbIqRsAl56K7J
[2026-03-14 13:28:03.594086] Update #2260: KYBI2RAVIcUUhhBD061zNMQq57fpKW
[2026-03-14 13:28:04.705536] Update #2261: k1wkP7PCr4Kdj85mmgwNoPRFcqVV5K
[2026-03-14 13:28:06.864097] Update #2262: PXvhFaYRmNOChbpcApxvydyXL2UT5i
[2026-03-14 13:28:07.976255] Update #2263: Eq6HBBIth4EK
yYCZPSLqcYZsrtidA
[2026-03-14 13:28:11.240727] Update #2264: wZcvW5HiyIT2D4mEkfgWQcQECTn1oy
[2026-03-14 13:28:11.242991] Update #2265: VNUqUQmanLTSmwBsv2Y7vwmE27WESh
[2026-03-14 13:28:14.512677] Update #2266: 8wQzFSnRGYJEq9L
aVMQ1qyYiY4q18
[2026-03-14 13:28:22.126965] Update #2267: PrbUO5kO292tWUbQK6OqayuCspIXYu
[2026-03-14 13:28:22.129819] Update #2268: mykgGywuYjvhuCC3bWrUrqIriaKy1g
[2026-03-14 13:43:37.371516] Update #2269: kmfdj2xu5nQ2XEAmeWhNu5BOga30Gb
[2026-03-14 13:43:39.533742] Update #2270: 6RDk7gYqv2mOXBCQaHsvlLcNETJtes
[2026-03-14 13:43:41.735087] Update #2271: SLUqgv5Y94a3aAQsvh6F5A5XJake
E
[2026-03-14 13:44:09.801451] Update #2272: ou1F75mUbvrdDaAzivrlBp5TB2WJzH
[2026-03-14 13:44:10.923113] Update #2273: pmw0RYsA5RgzPW0ouzoJRFwXXHIg2C
[2026-03-14 13:44:17.916228] Update #2274: ZQWaDHMm1Dl4mJOadmh7W5xMGwn4CI
[2026-03-14 13:44:34.246173] Update #2275: TFwfNHKaUgoXG5Q7X9WL
jjbv9jqO6
[2026-03-14 13:44:34.248968] Update #2276: qBHHzpB9ZIvBxIQnRLX97giWsEuoxd
[2026-03-14 13:44:36.410881] Update #2277: u7NbcQroknyzEl1js8DyM0rTIjgVNv
[2026-03-14 13:44:41.873551] Update #2278: 6ar8wUH4Jayqc3Panfc3ViX2isR64R
[2026-03-14 13:44:42.980311] Update #2279: Ka0MeRYU35pFqMpJ11j4lIydAdTSCj
[2026-03-14 13:44:44.090233] Update #2280: j
9bOjBPr4POHpXd4blIBBX7iaDbLB
[2026-03-14 13:44:44.093034] Update #2281: y8zCmmWZFN
WKJQ8cYODo8nS5D
cKv
[2026-03-14 13:44:45.199646] Update #2282: F7c0QQDeHX1sfqZIi3ziqaTV3V8glH
[2026-03-14 13:44:45.202063] Update #2283: vVnXijVZop9MzMdIunwfMNW56UKAU5
[2026-03-14 13:44:48.521258] Update #2284: P4YCDClh63vy
oMOV4e8wk6J

JOL3
[2026-03-14 13:44:51.783766] Update #2285: EJ4Yc
qjCrG92oAVNSjVlbgMovTxso
[2026-03-14 14:00:23.912767] Update #2286: QlU132y3z8ykDuHD5TKYavFUAGmW9b
[2026-03-14 14:00:23.913964] Update #2287: PEeVbD4FvT6lwUmu8tfRCpnSl
OIWv
[2026-03-14 14:00:33.822459] Update #2288: 6Dk6Nz0KhKtb1d3Cu6jouyPNRRXgHZ
[2026-03-14 14:00:37.381895] Update #2289: l3wU2H7XgFpApFOcT4i2r3W7hVfeu4
[2026-03-14 14:00:39.554028] Update #2290: X
MMSmCT5ronrf2VsChaZWdICzFn8B
[2026-03-14 14:00:39.555817] Update #2291: hjUlMzcnTXpBC3pMQrejKBxnu9sqqY
[2026-03-14 14:00:42.839086] Update #2292: h0i0t05TFhnwlNlSZ
94flPZOqEVB2
[2026-03-14 14:00:45.000013] Update #2293: JXQ0Uu52P2S4ZDqY4ybDXJTdSya4v9
[2026-03-14 14:00:48.269863] Update #2294: LJlaAMyFU3qHu55PW3Cvd6KRkGn4oU
[2026-03-14 14:00:53.728512] Update #2295: zsFqaf
W0VM4pH8HUtxzZnbziytufO
[2026-03-14 14:01:00.274777] Update #2296: svSUTs9u1pYiIY5JStqUg
kgYoiXVR
[2026-03-14 14:01:02.492605] Update #2297: Uvwawaghb3EljRgW3GPSkAN3RkfblA
[2026-03-14 14:01:03.574103] Update #2298: HbuobREbhCDq5eqjO4YRLOuys7LF8C
[2026-03-14 14:01:04.681651] Update #2299: WZj8nyLCAMfhY42S9TdDRF5H2fxMx

[2026-03-14 14:01:05.762155] Update #2300: pcFgqEDmNCQ1rwbUj3UCUU6daAAa
6
[2026-03-14 14:01:06.857137] Update #2301: GruPUsGtxsl4FhhrSmE7erX0BUgON6
[2026-03-14 14:16:18.611789] Update #2302: kC7g
O22zIPSJ47PhL3ij8qXldV7QO
[2026-03-14 14:16:48.886804] Update #2303: uehIEs4
OV8T64tjFbQpAU9HSLsJy5
[2026-03-14 14:16:49.965523] Update #2304: ekyeE2NucyB2rdZGIv6VFIRyZ60q5k
[2026-03-14 14:16:53.244186] Update #2305: aBPYuQVhFcNQDToMManvKNimWYf1Hk
[2026-03-14 14:16:57.624180] Update #2306: YC4ybmPUc6xDdmCR9dFSLYI8O36Tke
[2026-03-14 14:17:09.879173] Update #2307: KU9sfu8Y7PqDdUnWIJ5n
8MLehdJE4
[2026-03-14 14:17:10.992716] Update #2308: Zu9f9ZcOXolEiG4kY19MZKxDIAtG1S
[2026-03-14 14:17:13.195481] Update #2309: q9OkHN5HbmoCyNV9jyyth4b3YmVjsF
[2026-03-14 14:17:14.276540] Update #2310: mnngaZWnYvKOv7s2K9IDCfysKDucvm
[2026-03-14 14:17:15.388597] Update #2311: 62uYD5VbdJe7eDqmYZHIihXaXy9nw5
[2026-03-14 14:17:17.581355] Update #2312: 89xAg3uKrZ
Fv7CAFwhgOaRHubyKxF
[2026-03-14 14:17:23.072624] Update #2313: 6
TeYdSps0ZeMth
K3tReuwZCyFd1K
[2026-03-14 14:17:24.182584] Update #2314: c
o0jo621FOF7
7Q
7BYHmahE4d5FC
[2026-03-14 14:17:28.528886] Update #2315: T719zHt1wUwLtQpFdVAK7GPUJXaVGQ
[2026-03-14 14:17:31.813116] Update #2316: zaeloxKvuqGaCBdTVgipMPoV4FJ4DN
[2026-03-14 14:17:33.993797] Update #2317: yTGW9zt9Z9wcZ02M
BFWXkHtsiih1r
[2026-03-14 14:23:56.350916] Update #2318: Zm07v2G8iML3K5OK9dakaQmkQDlSNT
[2026-03-14 14:24:04.007721] Update #2319: CihVmsq73BJlvJ9CdV5Sy5mIoV5fnC
[2026-03-14 14:24:05.117132] Update #2320: McMrBz7o1IEX8dk5VX0OgfNwqHcH18
[2026-03-14 14:24:06.195102] Update #2321: E2gOxn7zNWOMfDPlcxMVDtpUzB45rF
[2026-03-14 14:24:11.654537] Update #2322: IXuJHkn0KqFypBd8LgUzOtDeHu6kZX
[2026-03-14 14:24:12.747496] Update #2323: BagwYM3vuHHnXeKHeMb
FgM9ptAwTW
[2026-03-14 14:24:16.436013] Update #2324: 9wuMPv96aLFcYxu
3pTWL94FJgz36W
[2026-03-14 14:24:18.638825] Update #2325: Y8UqZpxF4Qaij8
aNoq0pHlsa5zdRI
[2026-03-14 14:24:21.927668] Update #2326: 73cHeT5t5xKRQpB23A1rbJexhXLA
G
[2026-03-14 14:24:23.022727] Update #2327: QRikTelhRAkJdlEZCnaTuz0xesMraQ
[2026-03-14 14:24:24.118989] Update #2328: 4vhRzPWCSnLhhE
QdIM
fs2klR3n2a
[2026-03-14 14:24:25.225173] Update #2329: oU3N3ojI6JGdE7joteI1jkKG2cuUa

[2026-03-14 14:24:27.415919] Update #2330: SUDiQsTVG12Ys38HM3Qc8AjzJxq8Gi
[2026-03-14 14:24:28.529501] Update #2331: 
qZeEKxMG9KeGKmsfdRZrXh3GGFIb6
[2026-03-14 14:24:31.817270] Update #2332: eQkr4zozT3VVFUfP2QmLcGSY3Ap8MP
[2026-03-14 14:24:34.019531] Update #2333: WvpRSGqMDIdIWJaiVcwZZc3xApeNJM
[2026-03-14 14:40:04.136256] Update #2334: w7cnhxU9f
ILTWgc3rpV
95WMORd4e
[2026-03-14 14:40:05.238245] Update #2335: H0hRZTvX5q6dFLrTwRKm88v9j3ZV2y
[2026-03-14 14:40:05.240046] Update #2336: 85hbSvwt8cINPG2rOccgqjOhI8UW8K
[2026-03-14 14:40:10.694912] Update #2337: Ae1jvMUl
b1kzkMFq6OiTDxrWdNz73
[2026-03-14 14:40:11.794529] Update #2338: CeQA68eDZhlnZ
KUTQqGPceBLl
6dB
[2026-03-14 14:40:15.083599] Update #2339: cy
etQoqolB5JpOZ8sOXnxzMsuZAwH
[2026-03-14 14:40:16.190181] Update #2340: lUxRoizHCldQ0HAOz
vippA
cslccK
[2026-03-14 14:40:17.276849] Update #2341: bWx5QizGQJO9clOddE2IlGI4weo40M
[2026-03-14 14:40:24.906280] Update #2342: FNvx
zn43gLHfiKNCqAza2vpkGim8m
[2026-03-14 14:40:26.006239] Update #2343: fo5cRIuT3567vad
OvOS7QzNM
I3vY
[2026-03-14 14:40:29.271643] Update #2344: qx3y5TSWlOIi
9ck7BQPrqzdDNDe66
[2026-03-14 14:40:31.450988] Update #2345: iRX2i4QkHmasQW23CsYVUgN1OAw3A1
[2026-03-14 14:40:34.712284] Update #2346: v
2JuZMtdXmcrCkzdWPl5NMgadaNbT
[2026-03-14 14:40:40.403655] Update #2347: xNoAn1orMYNrJi
fTuOTXVVzPkPn9m
[2026-03-14 14:40:43.688962] Update #2348: kRDowSgbxlZDTgwrWoqPCRiAluenyK
[2026-03-14 14:56:14.173703] Update #2349: gVxKwCH
r1scP6SISPDJoQ7ZBVY66m
[2026-03-14 14:56:14.175386] Update #2350: 7A2yuRAp9nmQryw9ZaySyVcbQy0iRg
[2026-03-14 14:56:15.282790] Update #2351: ymIrczAdengFb6JUKCPlqKDS780Avl
[2026-03-14 14:56:16.362934] Update #2352: lw6lm7XLDrpdUNgV94WV0RIbR9mCyt
[2026-03-14 14:56:34.895046] Update #2353: rXRmmD8gOZBAg5VPanqANf3yeoxwuj
[2026-03-14 14:56:39.284857] Update #2354: eSPO89HD4FvouuU5qxHqJxABP04Bqp
[2026-03-14 14:56:43.622508] Update #2355: tKjoXJn3YZCuw0TKVwq7zMSO6fg
R2
[2026-03-14 14:56:47.975410] Update #2356: 7H
bVVlPwUc1E58t4alMzum1NWoWdj
[2026-03-14 14:56:51.302069] Update #2357: dxqcjzi7KY80fgWbqButPlu8jJWdhy
[2026-03-14 14:56:56.768005] Update #2358: hVq8LMUkWrMVnjZpMxoZkZ4PBAJvvU
[2026-03-14 15:08:57.841063] Update #2359: YLDxHdtsTCT
RphtVFT86nx4q6KJD1
[2026-03-14 15:08:58.955026] Update #2360: nCCPZf0nPM3r8rFzc86PK
CtFrKsEJ
[2026-03-14 15:09:01.174474] Update #2361: GdH5lHz9I
q7xLhvpPXI7bCf0Yfhig
[2026-03-14 15:09:03.370490] Update #2362: CgqWYY9F7AMA7
1A2y
hB0NYl9WNPc
[2026-03-14 15:09:05.549865] Update #2363: 3ZXKJ3FmBRp9TajiSud3sLThfg2JiK
[2026-03-14 15:09:08.849912] Update #2364: AOEYu0v0kHRelIp104Feo7B9LVlxj6
[2026-03-14 15:09:23.083267] Update #2365: 3DWU3iZuwNodspyH0K067HrfC8Cwam
[2026-03-14 15:09:28.534510] Update #2366: I1gPq7XX664pSkwsuTmUkiGN9RWe8e
[2026-03-14 15:24:48.777152] Update #2367: 3R
tPa47e1L3h5NmR1AhHpJ37tjOtj
[2026-03-14 15:24:52.060353] Update #2368: 37LQ63iXK7oKjlIAzZ84TMNDWy
9pj
[2026-03-14 15:24:57.490486] Update #2369: 8NP7jag3EccqNEVrLeo9K5Vn8
sQHL
[2026-03-14 15:24:59.670274] Update #2370: hzL55
9tj8DIZ
kORp4U6RCxWBCQY4
[2026-03-14 15:25:02.941499] Update #2371: uGufvEhw4jtilpOTaBhGhtEJLVgrVL
[2026-03-14 15:25:04.026170] Update #2372: wS3fxoGZNeiaRvGG2uMBp0ZgwxvJXo
[2026-03-14 15:25:23.025676] Update #2373: eef9ubtXl2agzjb41WkuaIf7R4n761
[2026-03-14 15:25:24.120561] Update #2374: P
RQKJI7v5GApeLhOG5K0mfADf7Rvy
[2026-03-14 15:25:25.233494] Update #2375: qtVd
XfQi1nQK7iGnLD2OO2MnLq0xn
[2026-03-14 15:25:27.429358] Update #2376: 8xhF
DddkBLqlvnqeYSudEeOo6YqmK
[2026-03-14 15:25:28.508683] Update #2377: QYlo7SLyPNpHTGTaENwsNB8cHTKg9F
[2026-03-14 15:25:29.602218] Update #2378: tcEbKvfbJ5jNgoetEObGE2KeeIg9Od
[2026-03-14 15:25:30.694943] Update #2379: p6yMVKBHxqoyjrz75jZJ5ghWgl4T6v
[2026-03-14 15:25:31.777483] Update #2380: 8lPHumW
69X9irjBIWHByPCouBoLsh
[2026-03-14 15:25:33.979436] Update #2381: RAK655zi9gtRRupJbmJrwV2uI
YAh1
[2026-03-14 15:41:07.307158] Update #2382: 0O2IXzK8m3narig4qE6PYfKxIVl2oG
[2026-03-14 15:41:08.412555] Update #2383: Z3o210ZWckjRufkmMDsn8WzkbzzsBf
[2026-03-14 15:41:10.623444] Update #2384: 1WmKRDpUN5aJnpigJLO0IVNXsDeqYj
[2026-03-14 15:41:12.841595] Update #2385: xrVeVJIO7wNdMhqR3JdwYQweYdDd2A
[2026-03-14 15:41:17.197447] Update #2386: yBcXcCZVOxscds2rZLeWpg8g8nffON
[2026-03-14 15:41:20.481636] Update #2387: Ukwsqh8rsh9iEC9WbTYcoIuaKQVBhq
[2026-03-14 15:41:21.577999] Update #2388: zKlw4rKHPvPF915i33IhP8mXOEmqg

[2026-03-14 15:41:21.579272] Update #2389: qZzBqoCA9IUts
WJLVZWKNXnvJbHNM
[2026-03-14 15:41:22.680522] Update #2390: rnmearqF8xP
OmCSPZsaYM12Q6QH1B
[2026-03-14 15:41:28.154801] Update #2391: vbClbrH5YGMTHF
YZlCix6Nx30lZu6
[2026-03-14 15:41:30.317119] Update #2392: 3698j1T25B7M
kAccFO
8GtAlDY37B
[2026-03-14 15:41:36.117395] Update #2393: TCsowUSJRvSGBVxn5DfcVFp9zWNAks
[2026-03-14 15:41:38.311778] Update #2394: 0dcOM2CC7p9gX7WpSakcxyPkQYCiz1
[2026-03-14 15:41:39.419769] Update #2395: leocr7sIYbXwunDCLQc
BJeGka7rZH
[2026-03-14 15:41:41.583525] Update #2396: IuPod0cqmeU8ifwA4l
uucvnkf0fI

[2026-03-14 15:41:42.680427] Update #2397: Wk2J4tgsUyrHZYkIXaROA8p2eCMtHT
[2026-03-14 15:41:43.775630] Update #2398: 1swW7BnGMobDt18bLjkIIQrfWe1txq
[2026-03-14 15:41:45.938050] Update #2399: 0XFzKwmf4uv0aElwrBDyx9ZfeV9oNA
[2026-03-14 15:43:16.232794] Update #2400: Oavj
XZk57JYGb5xfYwOEU2HPkUyV7
[2026-03-14 15:43:17.330315] Update #2401: 3ww6TZSsMnGANI9ln1b44VL3Z2CjYm
[2026-03-14 15:43:18.409535] Update #2402: Ekm4is0zDQkUIpycWGSithWBtP1RD5
[2026-03-14 15:43:22.828112] Update #2403: EJwNBaeHXh4ssIzQEBA7523eogFmOJ
[2026-03-14 15:43:23.939680] Update #2404: pIMU8pilvlcw3e9ImtveS5WStasHd5
[2026-03-14 15:43:29.409459] Update #2405: k1gvkT59Mccy1hQm1jVKiisJbqTEkZ
[2026-03-14 15:43:29.411224] Update #2406: EVRxwFi9xOW1nHrFinFySpR7Hq0mrj
[2026-03-14 15:43:30.499720] Update #2407: FG2e1Wf5sfZ9FI1vMEM0sRw1poUAk6
[2026-03-14 15:43:37.083439] Update #2408: pAx
vK3DZqlKlFhyNFul6i
kRBLcdH
[2026-03-14 15:43:38.194458] Update #2409: SJuhKozK2MXIGjI
UQe3dM
MVP7TZw
[2026-03-14 15:43:40.353987] Update #2410: cVJYrevIaXXF5Ll
sD4xDZVOBbEVXq
[2026-03-14 15:43:41.450489] Update #2411: 4UTC3AfKj81UCdfjK6KL3fFUpVrCc

[2026-03-14 15:43:42.559665] Update #2412: EupvCPRQSDR5NHRD7FoyjZ26KAnH8P
[2026-03-14 15:43:43.657017] Update #2413: R
oXgf9HBNkptwxkkEa0a6qoHWF7Yc
[2026-03-14 15:43:48.061692] Update #2414: DEV4eLmiItF8bbg
nuDGw4PrHxicAf
[2026-03-14 15:43:49.158286] Update #2415: VjMqNfcF0m0vTVXP7rPKzKv
CD390m
[2026-03-14 15:43:57.384891] Update #2416: qOiOlkOAUYbD0ZMCwSUoEWvjXTFeP5
[2026-03-14 15:59:28.518187] Update #2417: 1B0gzm70wEVX6cj2uA973B6rxxJVLl
[2026-03-14 15:59:31.781621] Update #2418: PVGe9bVFlot28qupyF4oner6wsr

8
[2026-03-14 15:59:33.993575] Update #2419: Q20DKsrr8TQ2W0v2cSd7XfGYZydGvm
[2026-03-14 15:59:35.090929] Update #2420: DJKW3
BTa
oypQpPnPTJk8YrAHVa6P
[2026-03-14 15:59:36.200964] Update #2421: 
4GH1uaOoyXFeT0AGKEeeqGt1CvU1Z
[2026-03-14 15:59:41.651357] Update #2422: fw3TGpqFLT85ib3
BI0m1NTGryA6GC
[2026-03-14 15:59:42.748714] Update #2423: cn218NSaHQPrEx2k31XZOG
LyFt9od
[2026-03-14 15:59:47.112393] Update #2424: X2hPy8dpTAvnt0Ws9qfJpouXIPrcIH
[2026-03-14 15:59:48.209144] Update #2425: R4t4jLX7hyYiNJM3YqQSkb7qSn
V1q
[2026-03-14 15:59:50.403392] Update #2426: aHp
tp412gW102Y8Wf75xMLalK0
n9
[2026-03-14 15:59:50.404063] Update #2427: PEgkWKgPXDPHVW1EyMHevAil2a0TlY
[2026-03-14 15:59:51.507009] Update #2428: 9CcfPdPLi7KZbadIq7QK0wIOu0J
YM
[2026-03-14 15:59:52.588354] Update #2429: 35wT1F76diNcNvcekXsTaFOFhAvZMW
[2026-03-14 15:59:56.960293] Update #2430: pc3SMdrC4Pf8K3RJ4C2lMmUZeln8Js
[2026-03-14 16:00:01.331755] Update #2431: hNHuqeTQxp6xvunDj9fUsE4qUfeFjL
[2026-03-14 16:00:04.580158] Update #2432: uyPFcGFNh5kLaGYlxUvBltj6tTg0Go
[2026-03-14 16:00:04.582009] Update #2433: T
J00bwn1iOCK
ARPKNJtjjOrxaBsd
[2026-03-14 16:00:07.867978] Update #2434: dCuajSpE59okdLsIj5ygDZ8Od5M7B7
[2026-03-14 16:00:11.159313] Update #2435: UeYnryBMRx5yTw1B6Wpg
8JNw9
c6s
[2026-03-14 16:16:10.201378] Update #2436: sWyG9NCSG4FtAgzedoAhYiBScf2Nw

[2026-03-14 16:16:14.594007] Update #2437: n9otPc9AMEPqGTOTItW6i08irclrlT
[2026-03-14 16:16:17.846860] Update #2438: sMNtKCCicrQuV05LCVI5CfdcCh4uli
[2026-03-14 16:16:18.929405] Update #2439: h24c206vuaquuVt9
iBaHds2FTrY9B
[2026-03-14 16:16:20.023417] Update #2440: dBYkbH2bLzvkvk6udKV9
gFRrAI6O0
[2026-03-14 16:16:26.626860] Update #2441: YFzHbKRR
dtNAiiwLg0KEPQX4ZMu5E
[2026-03-14 16:25:53.045561] Update #2442: VpsBEP0JauXIYqFknCwzHWytRl5t
9
[2026-03-14 16:25:54.137350] Update #2443: YRHBUr3
YohqPvAIMf4jWLjl0ucAAl
[2026-03-14 16:25:54.139072] Update #2444: 3cu0GVE1oWfkctzFa33qkZeswsc9Cm
[2026-03-14 16:26:00.676711] Update #2445: 8E3Vw0UCLPX7bsayfcxV7ZXIBZLHSD
[2026-03-14 16:26:02.866551] Update #2446: ahg0Hwwrk35yXJ2p89o9n

uJqs
V3
[2026-03-14 16:26:03.975083] Update #2447: QmQ3I
vMpnKNu4VjhkU5MvVUvexdnc
[2026-03-14 16:26:10.558691] Update #2448: Pit7eCWFnWtpJIpcf3Kd4iR5VjunjY
[2026-03-14 16:26:11.671980] Update #2449: QbVTNsrZaSVzRRb7O4UDaSEEFTuChb
[2026-03-14 16:26:13.838136] Update #2450: CQeOAcp73sL08khc7qXWC81oD5jgsE
[2026-03-14 16:26:16.052612] Update #2451: hgQLeMgRst0E2GDRzTPctfAbJVy8PA
[2026-03-14 16:26:21.543437] Update #2452: yOEBNMeOqqIjze9HlMO5WVYu4g4geC
[2026-03-14 16:26:26.870232] Update #2453: iNYylpU2eRYEwo5Y60
5u93GMfmap5
[2026-03-14 16:26:29.042610] Update #2454: LwlkDtPOuapOCeNBkydlSrotmVemdC
[2026-03-14 16:26:34.462187] Update #2455: 3kJmbmUgibPDRmZUMkROMHJLl1AX1i
[2026-03-14 16:42:01.292426] Update #2456: eGEligUQ2vH
GspSPYo99ljGtspbDk
[2026-03-14 16:42:02.389252] Update #2457: i6xr3iMc4kti4aFXRfjA054br9FIyO
[2026-03-14 16:42:10.059309] Update #2458: r3S
D3uzZLhe2Umdor2j4RPe7p9g5e
[2026-03-14 16:42:12.232972] Update #2459: GpiAUzXgqE3DbR1pCggRotMeffL3lw
[2026-03-14 16:42:13.344452] Update #2460: KgHF
TN3mxrd
pthV0sjXdeCsCQCKV
[2026-03-14 16:42:14.425078] Update #2461: doWIMLm0obkWmWpiGVSGTA3elYQ9jg
[2026-03-14 16:42:16.635855] Update #2462: HNwtDSWJoSfgBY9plKtmtC0NrkDhgE
[2026-03-14 16:42:16.637353] Update #2463: UcnMJEQZ2Mcb9s2ZjpU4ZaFNeU61z3
[2026-03-14 16:42:16.638007] Update #2464: VTBA
Lmfp1G7rMzwPyXnWOm9VkLd2Z
[2026-03-14 16:42:17.737409] Update #2465: JCI
UVwN2jKdj5voSkh4RaEFdXBSlS
[2026-03-14 16:42:22.082048] Update #2466: EzrnIClGsimsQamF0Bxu8lCtD2OODE
[2026-03-14 16:42:25.369564] Update #2467: omLDtS3pxhyNt1YjWwawB1C8gsix10
[2026-03-14 16:42:27.594647] Update #2468: avbnZX
0Uvha4Ks758Yi8v5mViwJcL
[2026-03-14 16:42:27.596498] Update #2469: IaSKAYEmx9mBCMKzo1IN4ohjd3xlZT
[2026-03-14 16:42:27.597464] Update #2470: 4FEYz2E5g3kOX45YEz41
vljg
V9Ob
[2026-03-14 16:42:28.702446] Update #2471: 8U02NkVaL0BArjbtH4dSSur44jwDU7
[2026-03-14 16:42:30.877540] Update #2472: NpjtkIRdOOfx3fgmpr54ZCaRGBg0FQ
[2026-03-14 16:42:30.879365] Update #2473: XdFPdV3fV4U3HQL9TOo1Rv88YhWqGP
[2026-03-14 16:42:33.073752] Update #2474: QIF0TxkKiqm8FNEoYvALw4c9XNjfSy
[2026-03-14 16:42:34.167898] Update #2475: Ue3LwHkS8dOy26uLzLqfbIlZMzRgZ0
[2026-03-14 16:42:37.434807] Update #2476: n4nI0FR03H8t7z2Yw06Rk
6KmesUpi
[2026-03-14 16:42:40.732376] Update #2477: TLXvhiQaL8nC0959JLKJVFbkl2swNq
[2026-03-14 16:42:44.014854] Update #2478: xu7A4Qc0LtJvdV59SvrNh19zal64wc
[2026-03-14 16:42:46.735001] Update #2479: aZHJrcIy2rmzeKDaVDPz1slaHi464X
[2026-03-14 16:42:47.824910] Update #2480: qBnvJi39PNQq0y3GMmCom6w828O5yy
[2026-03-14 16:42:47.826817] Update #2481: mPCSCU233zTO
Gi9DkRvr038GDiijh
[2026-03-14 16:57:58.999670] Update #2482: 8NN9CW3EvJgZGbzpVD7c0PCF5veX3J
[2026-03-14 16:58:03.303531] Update #2483: 1VTTRL7tWC3yF
gVDP3Tti3xdMBdPq
[2026-03-14 16:58:03.304699] Update #2484: aj1hRQ8HEfnplZVIte5Wxc2gmp21al
[2026-03-14 16:58:29.230012] Update #2485: U1Nk4TfVhGmvoMJld8f
kV8ojDAFHI
[2026-03-14 16:58:30.318946] Update #2486: tLJT4ipCObuAogtnxEPa0BbNfDXZFF
[2026-03-14 16:58:33.604987] Update #2487: 1sQLWwMHkhFRnHrGi8l44TzxD3rbFe
[2026-03-14 16:58:35.792384] Update #2488: xnryS1ssyb68sV6iedTwGmicUQ67qe
[2026-03-14 16:58:36.873852] Update #2489: feyz
dJjQkKwqBfMxtCcZwxrFBb4UK
[2026-03-14 16:58:37.983544] Update #2490: 
41pNkA4JdX059SO73diXcoVfTCImz
[2026-03-14 16:58:39.082276] Update #2491: IyT9kWM5TCZve1BHSiyjp6brLNFW8y
[2026-03-14 16:58:47.820267] Update #2492: iQsJkE6b23SfAGhpGKRpwWGYkXWAfN
[2026-03-14 16:58:52.218049] Update #2493: h6Pf1HP9r6Bw6NqVbFolCp5zYBeEpq
[2026-03-14 16:58:58.823097] Update #2494: wYYJ34oQjFFWk7gYaAwfxzxorciG2Y
[2026-03-14 16:58:59.916666] Update #2495: dx1tvZM909YF7hPhi2N44bdgZrdvo7
[2026-03-14 16:58:59.918464] Update #2496: n1kO9QYw97vho62tf
Gmk
YR6
Vzmx
[2026-03-14 16:59:02.119452] Update #2497: gh
3twKhjQkrTrMR66g38RbMeutM6m
[2026-03-14 16:59:07.571934] Update #2498: T94Lu5gDTiSZBQtJBJ2G6c9snW1aSv
[2026-03-14 16:59:08.672317] Update #2499: 5HdsICquxesPMP8IMoXZiX
bnXhebM
[2026-03-14 16:59:11.947302] Update #2500: vWvXwQeohM43GLqkZQ7OqJo4ayi4fs
[2026-03-14 16:59:15.262571] Update #2501: C8zWkbxBawZY
40CSaW0eDk7zsM3o6
[2026-03-14 17:15:14.319488] Update #2502: 7HuCBEbCM9A4PregVzHVDbmm
YD86c
[2026-03-14 17:15:14.320905] Update #2503: 434AWH1AdvUmr8gvWrLBcrbcVCVjoo
[2026-03-14 17:15:17.594080] Update #2504: croI7RCGHvfyjSLkDDl6hkmq0wBYik
[2026-03-14 17:15:19.782963] Update #2505: 82i3Ii2qFXJnQBK4rjKD8fiZ519gp9
[2026-03-14 17:15:20.893668] Update #2506: map7nVibSCB7TvWsKskhFctK9hAavs
[2026-03-14 17:15:21.992162] Update #2507: mzfpRJp6yX4YJIo

PDLscYTcL47Z9
[2026-03-14 17:15:21.994555] Update #2508: vBit3bFxy1yRJfrz5nQktefgQF7xNp
[2026-03-14 17:15:28.500247] Update #2509: GsapAacC
1XrgUIfTjI70ID4YqKNkD
[2026-03-14 17:26:50.502828] Update #2510: A3zviDJXve9YmxDSuBbz1HIVzKK3XB
[2026-03-14 17:26:52.695796] Update #2511: hRH6tciuGOTZU11I1pPv1r84A9X
Im
[2026-03-14 17:26:53.806556] Update #2512: f
JPX
YkvV91U2Bg4qJPIpobA5VfmA
[2026-03-14 17:26:53.808344] Update #2513: pkTgjwBDpd2RoYV3Hxl5l3TQxwD16o
[2026-03-14 17:26:57.106234] Update #2514: 1mevDJLgS1CIhMwLuOtHIFWf0YfGNK
[2026-03-14 17:27:00.401425] Update #2515: y3xSaYEsILWoqVb
0IBie0y0sT41eM
[2026-03-14 17:27:01.501235] Update #2516: XLa4NH00nFV9Q3M3bauZrgnfPzxsyL
[2026-03-14 17:27:04.775943] Update #2517: NHggPYuAQFnhwByjI8EeAzBxYxJCq4
[2026-03-14 17:27:05.889074] Update #2518: IaMZoRnM9
DK8BzPFHBH66Anmd3jXK
[2026-03-14 17:27:08.087170] Update #2519: 
t2PtSzSmNm7hLhuI8Ebmr1iEoTvTH
[2026-03-14 17:27:08.088985] Update #2520: Ph
rnKVMz2JSAfoxOv8DwLNFklhl8y
[2026-03-14 17:27:12.454155] Update #2521: gfm6T
RMiui7pBXfqSpRpHcRRTSil0
[2026-03-14 17:27:13.548145] Update #2522: jxgylZE
KyPfCsDnaTnIzoEsCCAPSV
[2026-03-14 17:27:16.820649] Update #2523: 6LvwQEhUsrMHFV1YbIWlwGt6P0vCtQ
[2026-03-14 17:27:16.822498] Update #2524: LiQSWen4z9rgoORiJ1iQv6
8Y12xH

[2026-03-14 17:27:19.003742] Update #2525: 
ZTJAhYVrGbLzXN3vq0B0RbmHqvOuX
[2026-03-14 17:27:24.447977] Update #2526: ga17HK3QruVw5Kid2XsJczCvwbUopT
[2026-03-14 17:27:26.846906] Update #2527: yI
dZGQmryNCkkgLPeW6QlTVOWjB3H
[2026-03-14 17:27:27.936177] Update #2528: UabMW9RPyc0WyDzNMpNxK25oxKWDki
[2026-03-14 17:27:29.034317] Update #2529: o
FGphnk0s8hp6FjZay2lT3PS3HGZs
[2026-03-14 17:27:31.212714] Update #2530: zCwREb25DQT6gicZeSSBgtudbFiSpo
[2026-03-14 17:27:32.295692] Update #2531: 27s6x4picgM626cpCXsCmnpLRqx
2R
[2026-03-14 17:27:34.489957] Update #2532: nsWvi8uacuQdt4
VTFS2FR8pv1hdms
[2026-03-14 17:43:29.393235] Update #2533: HQ6eYMZKQxtAHgAD08uhSZyNdMGhBn
[2026-03-14 17:43:29.393923] Update #2534: qagexVspokUYBRNZvxRoKm9G77PojE
[2026-03-14 17:43:30.499875] Update #2535: c0wPsL8WN27r5JOTU0
85UbCtkoJfc
[2026-03-14 17:43:31.592874] Update #2536: z8JaPBrCt9whS7yKC0nX3MKrji5zl4
[2026-03-14 17:43:32.674136] Update #2537: h0fE4gnnfovc189rIRjGk6
sOcWORl
[2026-03-14 17:43:34.857778] Update #2538: FHLl2Ed3oQSjxp8hVAvKE4u8ZtBKPV
[2026-03-14 17:43:37.052084] Update #2539: xO7XfGqkx0qANGsaGKVVvAcPu1p0UW
[2026-03-14 17:43:38.132413] Update #2540: i90ab1P6
2Mrr
FWYmKzA1BfhVRazC
[2026-03-14 17:43:39.228631] Update #2541: htHyDQD6VYJk5pCeMgmQd1B

Ddxih
[2026-03-14 17:43:46.902208] Update #2542: Ghv0zpOb6p9dYH6fuPCqWjKVHnHhMD
[2026-03-14 17:43:49.113909] Update #2543: 02O9m0nlRZtEY9ERToGWRfrSRS90j3
[2026-03-14 17:43:49.114625] Update #2544: qclJQg3yWKz7NtyrtU1wHGHNSvIBp2
[2026-03-14 17:43:53.477306] Update #2545: qHfvwBQkENVmz4gnjTdVrPmTkTYCWE
[2026-03-14 17:43:54.559725] Update #2546: DQkBqnH3TQVbibWpJkLVfcI8drRZao
[2026-03-14 17:43:58.985218] Update #2547: 2WPpSQVe
teZzE1SsZGgD5
NM2qEQy
[2026-03-14 17:44:00.078914] Update #2548: Ox4wq1p3
6Y4OiorScBjUzwYHmcvoh
[2026-03-14 17:44:03.483732] Update #2549: qFOwBMNSK5CAN7b1hg4Wn3EhfNwNYU
[2026-03-14 17:59:35.766768] Update #2550: PNZS3uQo
it7mnKWBkU4hFlGqoZ2tY
[2026-03-14 17:59:35.767510] Update #2551: 4ZCCn85K4
Zk0UtfdTMmRAw5xMNcUP
[2026-03-14 17:59:36.876183] Update #2552: aLeGPZ0dd7qe6OA8wq0bvQ3pF8f3N6
[2026-03-14 17:59:39.086446] Update #2553: mllZmdo2I09vmlhOiEWU9Uhk5w
6pt
[2026-03-14 17:59:39.088398] Update #2554: ipLxJle30XUnDrONdhe1kgU0AZGe5w
[2026-03-14 17:59:40.196685] Update #2555: Jz5xsCOkfTyRRHr0mvBhRDzZ94XoVj
[2026-03-14 17:59:41.306753] Update #2556: 9jf2LG1mon9urVqkfCy4OvvnhpPteF
[2026-03-14 17:59:46.741370] Update #2557: w5WgmDvbcNrmpiXdtvSOmtUVKz3Z7q
[2026-03-14 17:59:47.836647] Update #2558: JUWkd2TjmRICpOngd38BDMguDvZXkD
[2026-03-14 17:59:48.916144] Update #2559: vB3kuEm9q9JVhp3CuCHqz4j5npQJ4V
[2026-03-14 17:59:50.028466] Update #2560: XsyJ7vSfdAiFTVrl0FoJorI9XayJaN
[2026-03-14 17:59:58.752065] Update #2561: 4WsbfGf
tFpSMKcdsBSWD
Eil
bLxZ
[2026-03-14 18:00:00.946112] Update #2562: 5cMnalwmLpY6RPznIb9z8VKDV96XA0
[2026-03-14 18:00:02.044628] Update #2563: jxYtxPYDU8Ff0LfmEdZhFcyItxInJq
[2026-03-14 18:00:04.252729] Update #2564: NspMCKe5LW1Y7urco5JtqmnycW3ZOw
[2026-03-14 18:00:05.337202] Update #2565: uzIngKFySJOmetmacERVnrwPokuQin
[2026-03-14 18:00:10.827219] Update #2566: 5zqTFkRBuVHUuw4ZLbLd3QGCUiO1xD
[2026-03-14 18:00:13.006240] Update #2567: DhBZ4AAohUtYoU8jRpsf3EFQmmaHYJ
[2026-03-14 18:00:16.289894] Update #2568: GsVzqD231Hz8fpXRqKr4MQVglfcjRy
[2026-03-14 18:00:18.473498] Update #2569: 
Fg5Vunc3MIAwOQ9pN7KEvSuLD3E


[2026-03-14 18:00:20.659049] Update #2570: aT9mdZgOHIrTwBJtKC10Tvn07AvSBW
[2026-03-14 18:16:16.296739] Update #2571: fFfttsLo286ooCvN4JDDeBd2mLG8nF
[2026-03-14 18:16:19.614216] Update #2572: 7LXohK1iRZa58lEwU9
SnrFahBCbnY
[2026-03-14 18:16:22.941224] Update #2573: nKYVtbEnN93GTRF2fb9ZEOxR197Usf
[2026-03-14 18:16:27.362027] Update #2574: abEsnGmfeoG4q3GcGf6GJO9CoZ
kmM
[2026-03-14 18:16:27.363847] Update #2575: kDybuSsmLks47aOXK5rG8FkY
1cZkV
[2026-03-14 18:16:28.452497] Update #2576: c5d6EK7Rk2sTcQRuLbWfqONaX3jD1A
[2026-03-14 18:16:28.454903] Update #2577: Su7pkxJupflFRPgAPSYVT0PNQNuqIz
[2026-03-14 18:16:30.666165] Update #2578: xg8Df7krxfJurBhpXSCp42m1WA1Oev
[2026-03-14 18:16:32.834658] Update #2579: M6Ahs3fL0Ez5L4sJOmRyxYQKxhkAqU
[2026-03-14 18:16:33.916323] Update #2580: yWugYTD6SbFHPMG0FT0Rmtoc4LgJmx
[2026-03-14 18:16:39.427363] Update #2581: EJ9Izzz0Ixv3z1bjnl1iMIRHvMpi1A
[2026-03-14 18:16:42.726207] Update #2582: M7TSPYgMYJOFbNC0JCb8yZTECerJjK
[2026-03-14 18:16:43.813316] Update #2583: SvYlCJSRSY8cWK2w7Th2gTd0LR4JTd
[2026-03-14 18:16:52.573464] Update #2584: gtz86IIOAJbTUQDX9OoEe5KcgrhMez
[2026-03-14 18:16:52.574927] Update #2585: gv4qWPlTIuj5OZsJ4ysv2nEKE4bxV0
[2026-03-14 18:16:53.665188] Update #2586: GgyG9MLe04RYO1rs
mrB69i0M1VLxO
[2026-03-14 18:16:55.868741] Update #2587: u
kArqrPsDdA1SJR7kWOfNXaKQVOf6
[2026-03-14 18:16:56.970394] Update #2588: 6Hcd9zak4COpteXz
meFOtfk0zq8LT
[2026-03-14 18:17:00.222583] Update #2589: kKiZjLST9LY7rVynL2eeveA9nDAOEC
[2026-03-14 18:27:49.081595] Update #2590: feX6vwfs
6nnpPaChjE3vFzhCLDSnP
[2026-03-14 18:27:51.269051] Update #2591: pAowJ1zfDEtAOECY15yrWVaIvOVwGZ
[2026-03-14 18:27:59.278033] Update #2592: CDnwdJGF8f24NoAfoIR4cXYi3QdmH0
[2026-03-14 18:28:03.660971] Update #2593: 3VOYfbLMXLRCmzxGdSMOui
gCQlPkN
[2026-03-14 18:28:04.775085] Update #2594: HNsd2AFWCeCjiSHtuBKc9LZxI9dv5E
[2026-03-14 18:28:06.963669] Update #2595: CMtpTPb4tIftLCGBNAomo3zFsu3LVv
[2026-03-14 18:28:09.168371] Update #2596: 2C2rRNlxrxxQmxR4VH3IfWaP0kQbVh
[2026-03-14 18:28:10.267910] Update #2597: Nn0dC1AD18uhSKhYCHvcKNzxw3VJRX
[2026-03-14 18:28:15.754959] Update #2598: ASilyA2gC5dUfTsfjdJ2ltg71OjgSH
[2026-03-14 18:28:16.866294] Update #2599: X7q80lRztIISBYUn0kaWjTChnAk
Hc
[2026-03-14 18:28:21.253341] Update #2600: d2XJCoNCqsZg2yTMCI0bIvz6sYhGz3
[2026-03-14 18:28:21.254689] Update #2601: 88xQcNUYEapsMHOVD7hdUpgq0w6Zxz
[2026-03-14 18:28:22.343119] Update #2602: CO1kANj26wE2nEBTdPDUpgn7Ahlt7m
[2026-03-14 18:28:22.345955] Update #2603: cPwhdmhQsQvuQ5NTOfbO33hsneFrY7
[2026-03-14 18:28:23.451913] Update #2604: MPZizGqGbp9o3WTXOvVFXeBF
WUPsH
[2026-03-14 18:28:23.453442] Update #2605: 5siC4utDuadD
7wCalMM4FXkEI
hRF
[2026-03-14 18:28:24.542999] Update #2606: mUmrxwCOE4cTZPZxKynbiila8AaVIz
[2026-03-14 18:28:25.627195] Update #2607: DE19TBFoGXwIYcYv3FoYSWOF3FLE3d
[2026-03-14 18:28:31.145605] Update #2608: JOlAP3OSHDDnjZQzDDJOSelfuVHQIi
[2026-03-14 18:28:33.309660] Update #2609: 2uYECuS
biCsqjvM0XyZ5c8psYz051
[2026-03-14 18:44:07.689306] Update #2610: QrTzFc8mAQ1Kn8WLWJMKygNdENcmgZ
[2026-03-14 18:44:14.261893] Update #2611: S4Tzt07DwaThM9ZWSj78I8MAw7egYA
[2026-03-14 18:44:17.939774] Update #2612: alBrTLcxcta
JzI13oYGzNDguHuh3t
[2026-03-14 18:44:19.033504] Update #2613: WscUyJCfePlgqISJ9xVzMoO4ZHaz9C
[2026-03-14 18:44:20.145495] Update #2614: ZCh
6aJVB5
UEuM
KnAnTdQea5E1yD
[2026-03-14 18:44:23.478278] Update #2615: 4HeL
BZCcL6pew7E7M5cAUYEMAWZ5x
[2026-03-14 18:44:28.905426] Update #2616: UUNoJhFXM3TVPZWUM8A2R5JCKznFLc
[2026-03-14 18:44:31.103662] Update #2617: KyzZIABbSlyXaHq2Bna
ctEv
PxHLb
[2026-03-14 18:44:33.309802] Update #2618: mvWumvJh5Is5o5Ct0PHknIF32y4Tko
[2026-03-14 18:44:38.740463] Update #2619: nFK7fpCF
b3d6Dzw4npsLbW8dXNJxH
[2026-03-14 18:44:42.040960] Update #2620: 7deqgrKMqnxgF6DBraiasywzIV5F5M
[2026-03-14 18:44:47.490804] Update #2621: as9qwqd7TW457r74r3g96n7o6IWFDN
[2026-03-14 18:44:47.492653] Update #2622: 2bpD8XprfwvLzUfiOEKnCVxhVooBw7
[2026-03-14 19:00:14.594004] Update #2623: aSS8JUlEZwuexcx
qO4rN78OodWy6s
[2026-03-14 19:00:26.724640] Update #2624: 4JC6q57bPZM61VBY9lU2YnMHa5guGX
[2026-03-14 19:00:31.091310] Update #2625: VqsIzHSsVomR1O7kiAaWu9Chl9hWbg
[2026-03-14 19:00:32.173316] Update #2626: hhgMn9hiUMWQ8fonFDWdOOPeMWzDCX
[2026-03-14 19:00:33.281474] Update #2627: ymIfnfwywy43sG2JvkQhSMZRFti8eO
[2026-03-14 19:00:34.364166] Update #2628: wknmV7XJjeIvKw13NIjuzLsyRHJDZw
[2026-03-14 19:00:39.956409] Update #2629: g2lEuC1F8VW7UVBbiAesCcp2
WMBV1
[2026-03-14 19:00:41.047099] Update #2630: HndhlyWVitPYt6hEg0eSuQVUFDxmtt
[2026-03-14 19:00:43.242109] Update #2631: zI1J2AEAG4064
UB6Y5gPUXv7dualR
[2026-03-14 19:00:44.351482] Update #2632: RE7AVMX6TxzBGIIVhhjkm
ZkPcbLSj
[2026-03-14 19:00:45.459970] Update #2633: 0az2eB7aFLDvERt9UvOILe5DfFHeSr
[2026-03-14 19:00:47.643446] Update #2634: 1twCO
vjeQSs8gTwNj2LqdKkrLkL65
[2026-03-14 19:00:50.979840] Update #2635: qYScVQzx1bIB8RpBgQPWYuMyWwRJxo
[2026-03-14 19:00:53.179713] Update #2636: l0lQMBzMew5n607OOHHFTKok4G7n
a
[2026-03-14 19:00:54.292386] Update #2637: UueZBA0wltBJTwo7fVyWY4qemyAc6g
[2026-03-14 19:01:00.916688] Update #2638: LqSA9PKZzSjVHB3bfpMboDlgLamuzf
[2026-03-14 19:01:00.918494] Update #2639: lGewM1KGUSz66s2WTZh8ztbH52MTG4
[2026-03-14 19:16:01.002205] Update #2640: G
EyRYbNiF1zYdp5qXwD8fVe7qqkdw
[2026-03-14 19:16:01.004453] Update #2641: 3Pi8pbQsPhCWTUINXjpXRNAXvXQXq8
[2026-03-14 19:16:04.307481] Update #2642: D3hAReqRdsnG8PxDNCtRaJMCDXjPJl
[2026-03-14 19:16:30.309304] Update #2643: WmThGqyNaaLMNYEjm
yx8ASJOjtJ
l
[2026-03-14 19:16:30.311555] Update #2644: 4porxXPvrSOfY4hFqoPL3ylM2riy1g
[2026-03-14 19:16:42.389334] Update #2645: Z0tTU3QgagQ6LScgkYsLfMVbDa9gMF
[2026-03-14 19:16:43.501416] Update #2646: kQv7oLUi32riT3coMvQBM2g
1bjK16
[2026-03-14 19:16:46.788891] Update #2647: oq8oLXzMbVSVB7js1DLBQt4x8x3wfl
[2026-03-14 19:16:50.053876] Update #2648: jKo97n0URkAY8aED2dlLRJ3liLYwFn
[2026-03-14 19:16:53.340096] Update #2649: IUkLZvQa6obMsZgPkJpMNsEb0I1vOP
[2026-03-14 19:17:01.713196] Update #2650: SJP1sT8zxJ9dWx1
Of4UEifugv
5XJ
[2026-03-14 19:17:03.878706] Update #2651: Vdbu7k0NIZuppvuPb9MTRtLOrNSMAT
[2026-03-14 19:17:08.269849] Update #2652: WXrgEb2aejRGa6B6nuKZHsV
j1Fhxq
[2026-03-14 19:17:10.457835] Update #2653: m5sDYJZNNp4wyU3Q915MxezO0T8sJr
[2026-03-14 19:17:12.630757] Update #2654: Ta6cdHsxBfZKCERzdaAuKBjo6im
4K
[2026-03-14 19:28:48.633992] Update #2655: FRCW4
jZkOEvGpZasC60zmeE0phTwN
[2026-03-14 19:28:48.698273] Update #2656: A
IITuBxynX2aQWftDCUgY8Imogdq

[2026-03-14 19:28:56.312276] Update #2657: J91
qmCHTSkpbZcQo11magjOV2ELSN
[2026-03-14 19:28:57.426229] Update #2658: Q6XbhkTH1oj
dz1m2dKtfB9DVR6SBA
[2026-03-14 19:29:01.845314] Update #2659: 33G3lB9cMZD4Xzwe4HaCNYvyfIL5yb
[2026-03-14 19:29:01.846384] Update #2660: AwHxghAdRjcNF4CV3Crhxhp
YyXc
z
[2026-03-14 19:29:08.396192] Update #2661: 1RTlbUN4
QYhnhAntY52gxem6yFykd
[2026-03-14 19:29:16.003433] Update #2662: hUn43cRMEnLMFqRHzBZuMoJovYx3qX
[2026-03-14 19:29:22.594803] Update #2663: ByY2AZraPAA
jbhphcVu40FFK1rvOV
[2026-03-14 19:29:28.857670] Update #2664: QEQZuXs7anJMUeNWspEW8OKBbpwATG
[2026-03-14 19:29:29.966171] Update #2665: 9nkYyXqgWY
4nHAFkk0SQKSnOgtWIt
[2026-03-14 19:29:33.245011] Update #2666: ry9mAoSfvPVm48c3pPWofCP5X8AFOD
[2026-03-14 19:29:34.353898] Update #2667: pox3bnjMgTXHakwXf2LxJgMKWdgi1H
[2026-03-14 19:29:35.449895] Update #2668: 4TdsJ9F91MKYKzVKXYV2H1BVpKshVA
[2026-03-14 19:45:02.162097] Update #2669: dWwrXEQ2e0t5p3rC2BAnWeHdiPbWK6
[2026-03-14 19:45:04.343466] Update #2670: NirrFYo8ZtLhfr
jTlFjtOZ0g9Ehad
[2026-03-14 19:45:05.450139] Update #2671: NCeGDKyAbcoBSSKTDiuhI9RW
4zjJQ
[2026-03-14 19:45:06.547269] Update #2672: dh90anApJYifOdkrBASTpqSSBCUlD0
[2026-03-14 19:45:07.631450] Update #2673: DioNAg7A3acksbdctWl4UyJo314nab
[2026-03-14 19:45:08.745070] Update #2674: Xe2lyMgLXrKYnZURmZjr
zN8WrV0yQ
[2026-03-14 19:45:09.844999] Update #2675: 3Q5AEGa9pidHa4IBA1PNFw0MFBCSCs
[2026-03-14 19:45:12.034488] Update #2676: f5dpoj7bRtfX7ZRmta4RpLqekYFQPS
[2026-03-14 19:45:16.418763] Update #2677: Lg385ZhJcNWalETyW4Wz4w5BZPTvTZ
[2026-03-14 19:45:17.512733] Update #2678: 7a0hkILLjyMIqDujnSw8BNbgvSlEmC
[2026-03-14 19:45:18.612036] Update #2679: rZ9dz3l21jyq2YsDjbFoRVwxmqNqtf
[2026-03-14 19:45:20.817098] Update #2680: zYyfWCTYWp00e3UhEUClzwQialXTEk
[2026-03-14 19:45:25.207200] Update #2681: DZx13mu06wmlTZDScVJcSBqpVFPH9S
[2026-03-14 19:45:32.841283] Update #2682: hOxDyNZE87yClD
URw7rJJv8YXEFTK
[2026-03-14 19:45:33.922748] Update #2683: zXiGSB7VflkNYAzl6clttslX6TBvDy
[2026-03-14 19:45:35.034995] Update #2684: 0ky7WgES81S4m9aofbDKtgXE6RI027
[2026-03-14 19:45:39.412219] Update #2685: DFZ94YcMteQ7NktLUOZwsYGNxnyMG0
[2026-03-14 19:45:39.413730] Update #2686: hidiSFFa3eFJYUtzL5krQtmxZ1rCMs
[2026-03-14 19:45:40.520724] Update #2687: WGnb1FnUnHoIV7dXwgTCGv
qXjHT1n
[2026-03-14 19:45:41.601085] Update #2688: hBH5pQt6ns0PqugaZeohz1rMjlLy08
[2026-03-14 19:45:41.602836] Update #2689: 5y2kfO2e
0gtkQp60N2PQOl6e7BhOD
[2026-03-14 19:45:44.878136] Update #2690: W32L4A0JdBak8
ySRJPW6U6lJeSOtn
[2026-03-14 20:01:42.142259] Update #2691: m53w216W1PGZ9tPE0tF8G5J6qReYMT
[2026-03-14 20:01:42.146650] Update #2692: D4twEPxeUjolxtbYRu7uv7gD3j2JTh
[2026-03-14 20:01:43.255040] Update #2693: Z2rbE8xCagQ0s4EtCfqaa
zngZL5BW
[2026-03-14 20:01:44.324543] Update #2694: aI5jfBasRyT5qbpzFVErpOlQ92ygTL
[2026-03-14 20:01:45.429107] Update #2695: XeBTbk4zSalXZKV23FRveViSn12isx
[2026-03-14 20:01:50.904428] Update #2696: x7yNuC07Q5arKH6javi9zNbR6HhHqH
[2026-03-14 20:01:53.083525] Update #2697: k4NoEVQOpc
iDdPqRV3ZINe9hdu3wP
[2026-03-14 20:01:58.553721] Update #2698: QIWw0
zRZigaX8bU4egpQkhJfF6KJP
[2026-03-14 20:17:27.949714] Update #2699: HycxpbjySozz
bXSbCcalxHKF9vgWR
[2026-03-14 20:17:29.046502] Update #2700: 7kVzdz9N8pzAlvYGFPleG4CEa1lVkH
[2026-03-14 20:17:32.346040] Update #2701: DeQNwBLyKDthu3TdRIvROhv2KoEiK1
[2026-03-14 20:17:36.737951] Update #2702: i2Q22D
2HWeLPn0T6xWPBSjnIEoVO

[2026-03-14 20:17:37.851260] Update #2703: HtWbrwM2UTMY12NAVq9xNLiignnbB9
[2026-03-14 20:17:38.967164] Update #2704: X3NqPtWpCmbeoV20oO3YFLTm27kzOd
[2026-03-14 20:17:40.077570] Update #2705: z4umtE7pHDK9Hy2Tp4JWg6QGq1NOgI
[2026-03-14 20:17:41.184798] Update #2706: QLEAGvoHK9y7pPY7y0D3kMLFCY
Eob
[2026-03-14 20:17:45.540637] Update #2707: wqYQ1aJw12bRea3F5Eb1OO8iFXafsy
[2026-03-14 20:17:47.742250] Update #2708: GvgoNORECLtubxM9bUs7LuTzLLUMEj
[2026-03-14 20:17:48.856953] Update #2709: WH61X5spmWFBaWV1hMS7OAfvhjUa5D
[2026-03-14 20:17:49.955019] Update #2710: Pnh2Az5Yk6s
vFLa97bKbGpFpuTYDF
[2026-03-14 20:17:49.957419] Update #2711: qhG369PEEbhZeWB7vPrqlvPMbs811H
[2026-03-14 20:18:05.788462] Update #2712: sVfT7otn5Deq7ajnIK3B
SMwbNV
8w
[2026-03-14 20:18:07.969259] Update #2713: BOq1M8pIb9qj6hh9zz2olzX1

tBHf
[2026-03-14 20:18:09.051973] Update #2714: CI3Xe5
eMsm6OFB8tjADY38PWwK0lT
[2026-03-14 20:29:49.064720] Update #2715: 5mo1mOo7DszuQfcqwwtqjjMAHt1qYW
[2026-03-14 20:29:50.175922] Update #2716: GaN0KjbV1KI5lHhCVJk
ZIBjx4n5gX
[2026-03-14 20:29:51.289229] Update #2717: rfL0rpHq37cFaYvlxv4HWxSCrheiwE
[2026-03-14 20:29:54.553070] Update #2718: Bg9j1vwRK2vppLKyMHIGjkmfCi3s1Z
[2026-03-14 20:29:54.553684] Update #2719: g9VWh8PK2YHYfoz5kGeM3a7oTR2t4Q
[2026-03-14 20:29:56.739652] Update #2720: TSOgW2zkXXeJm5uf5pyGHw76DvJR5C
[2026-03-14 20:30:01.108933] Update #2721: 4auOwARJnfP8FNQo2a5oLCnpog4Sqe
[2026-03-14 20:30:05.470355] Update #2722: FogQNDL0Nl7Hi1y2O2V0qZ3ctR0FDL
[2026-03-14 20:30:07.697765] Update #2723: Ry50qZ8qVCLxN
M78RkEGYaYtwsCsz
[2026-03-14 20:30:07.699571] Update #2724: sEXS4

uVxRhKyWl6EH7d1epaCKAwi
[2026-03-14 20:30:10.981764] Update #2725: tRerkGQoZKkJ6IXq9d12g6AmF1aYIt
[2026-03-14 20:30:13.155212] Update #2726: V3EsefFZntJAr0a3T4FLkFiH5T0Jlh
[2026-03-14 20:30:14.237377] Update #2727: RKhbKWbQ2juUaUHbitF7y5QnCfaOod
[2026-03-14 20:30:16.424929] Update #2728: gQkpHd3mCnLGS7yZA2kLqJ7HE8AMAb
[2026-03-14 20:30:17.537148] Update #2729: IOSTzhxupWA8X4wVnPDTCXbyIYfVrQ
[2026-03-14 20:30:20.813708] Update #2730: vy78CJEnWuoD2W78imbkouCLSf1h2F
[2026-03-14 20:30:26.269993] Update #2731: W85esUStAKhCqlay7IVNyf0

iAvPn
[2026-03-14 20:30:32.868485] Update #2732: sjP4IlqZRXJee8cxUqSNVR1h3PtImG
[2026-03-14 20:46:33.058710] Update #2733: OEpur3hbV2RLVu8BhXshVhMtuQDj9i
[2026-03-14 20:46:35.255828] Update #2734: jbtgJLkL7S
Y8PnKOMpqdNrNzVNHb8
[2026-03-14 20:46:40.750815] Update #2735: Wje3zJHQRNF92QBPPg3JCyYqqJYPx5
[2026-03-14 20:46:40.752734] Update #2736: I1og6dzTwkjltrT4f1snf4nflZQVrP
[2026-03-14 20:46:42.959026] Update #2737: elMnwixQhiZzJjKBVdvMKd0Y4EzQH0
[2026-03-14 20:46:44.067479] Update #2738: b1XN1pzvdTsVb4PG
GFNZjGG
628Vu
[2026-03-14 21:02:09.616457] Update #2739: lQyPNlepd7Zs7fOLsM6ZrUtHpiTwf

[2026-03-14 21:02:12.902949] Update #2740: EOOyDA6KqjbuwbdMBKLOnRqiXaGwlx
[2026-03-14 21:02:38.755385] Update #2741: fAKlsxCS29pA8PHc24dgsrc
e
CRWm
[2026-03-14 21:02:45.314217] Update #2742: g22NcXlHJL5XHRDXcBhOKHtfCxa2q2
[2026-03-14 21:02:47.459824] Update #2743: FNt1T90p8BQNkn6SkT
OBGVipw02XA
[2026-03-14 21:02:47.461751] Update #2744: pP
2cqCsbjLpZZfbxI2MclrfNRcWa

[2026-03-14 21:02:49.679652] Update #2745: 6T1hUU4uO3Yw3rjlGd71jK2wlq1Luw
[2026-03-14 21:02:50.778389] Update #2746: pbm0wSqKe7B5cz8zL5EvGkZXNaC4ma
[2026-03-14 21:02:51.872699] Update #2747: 71UTGZ4iLegchP
jsVO6mjt6P3cZcu
[2026-03-14 21:02:52.954143] Update #2748: Pl5rmR1AQLv4FDV73artxyDfddoEpO
[2026-03-14 21:02:52.956077] Update #2749: N1w7BiNcCz3p0SC8en7MCRFh5Towf1
[2026-03-14 21:02:56.224289] Update #2750: rHJFuBFYyBS8YlOBzYYIlLD

xwsNW
[2026-03-14 21:02:58.416481] Update #2751: EBezsOvZDV0LX7jKoZ
SACKKV
d78x
[2026-03-14 21:03:01.709737] Update #2752: eaUEfWI39JKsT5MmSgtr18rZnj4ec0
[2026-03-14 21:03:04.971218] Update #2753: m4EMK9koxSIUOVohI3SObWXM52ax6J
[2026-03-14 21:03:06.068446] Update #2754: nmXg57iC94Mt7PHdgtLCIXhHensW7y
[2026-03-14 21:03:12.347587] Update #2755: 4s3xhk9Jhc3ZssM0Y4owXZ7Bc3TWmh
[2026-03-14 21:03:14.542838] Update #2756: I1TOqJa8FEWpziGOTT9qlphG8sOq5y
[2026-03-14 21:03:21.127141] Update #2757: r5pjg4bHSdVdqUhN9ecit5HAIA7f54
[2026-03-14 21:18:42.170363] Update #2758: KHxYnEndTIHzeAM4TcDA6fFAJJGihr
[2026-03-14 21:18:44.374009] Update #2759: WZffZB3TEhjTl7qrBqmiJBRKkm
wAl
[2026-03-14 21:18:45.478553] Update #2760: 
yPPF6ZCCkfob2IVZjc7di5YWVfG2Q
[2026-03-14 21:19:12.539828] Update #2761: y2RwKkMilqRH3jwiW0Hp
EUsTVzj
F
[2026-03-14 21:19:13.640633] Update #2762: 8a9o9FM35rIbjl4Hij88iZGYjLbDIx
[2026-03-14 21:19:14.723718] Update #2763: bFO1JhfmUmGloXZZ9hvG2FttNvfJ2V
[2026-03-14 21:19:16.955794] Update #2764: THUuUE8w3XF043vkp7Gpd5L4OUJGCa
[2026-03-14 21:19:26.801853] Update #2765: mmGbxpUAfkQjTwmT3Yy4tLfQmktm3Y
[2026-03-14 21:19:26.803812] Update #2766: gMLgJkzLyRnhiR2qzcnl8eqoV1Bb
8
[2026-03-14 21:19:26.804512] Update #2767: 46mDde
OlUMacUDyTkHso9dfcvInrZ
[2026-03-14 21:19:30.091590] Update #2768: IpuD7KSpTo6tvZXG
TihrwiXFI3560
[2026-03-14 21:19:34.433932] Update #2769: gBri4EKXnWnIJjxMwbHB4IZ
Vttsm3
[2026-03-14 21:19:34.434676] Update #2770: lGIufGHG9VP4rE2I8mPVGfs
uoI3DE
[2026-03-14 21:19:36.634657] Update #2771: rGpY2BN8iu6t086dSgRVT3tGJ78
M9
[2026-03-14 21:19:38.808407] Update #2772: Mgfeh4XEbiaAvaQ
BCNyo30rhrGy7

[2026-03-14 21:19:46.893537] Update #2773: bauIXL2Movj0bN9kQyT99qfiVGhgCH
[2026-03-14 21:19:49.055650] Update #2774: xlL0Lqkt146zhP3ZrjybWvbmRfRenT
[2026-03-14 21:30:49.514902] Update #2775: ZyiZxOGKxbZuOBysmoycoKpV4ZOo1q
[2026-03-14 21:30:52.760805] Update #2776: ejaIMz6kStRv
WzDFZXRijNdRhG4DN
[2026-03-14 21:30:57.162974] Update #2777: svh2q4i935euqolRttAsbPmgMST3cj
[2026-03-14 21:30:59.391570] Update #2778: HlBtBa1RbFc4IjrKPHbX1PxMCaeUOj
[2026-03-14 21:31:01.583204] Update #2779: 6tVJpmqkoDXDyv0D2f3inJuUEzfhIM
[2026-03-14 21:31:08.170929] Update #2780: fvMZ8Ayis35evo8ibjBYkIz07uQ0AD
[2026-03-14 21:31:08.172157] Update #2781: 8w0KxzlvpRZEG6qCGZpsYta8ObCtkl
[2026-03-14 21:31:09.271205] Update #2782: gLL6NFa1whSdt97IvZ7pJIPPtWa3n

[2026-03-14 21:31:09.272431] Update #2783: ydJM1qtWETZiarS5x5xbn
2yO8e4GY
[2026-03-14 21:31:12.603209] Update #2784: 2wSS8pLacMYMtkcfp7levkG0W99ix8
[2026-03-14 21:31:12.604950] Update #2785: K02ROKBw5Da6lwv06O
rRiAtrkKJf

[2026-03-14 21:31:13.702661] Update #2786: uXxLB3ZKimy0c5NujDAa51pyViWwoa
[2026-03-14 21:31:15.905953] Update #2787: q2nT7IDJ9QPV
PMjyM7t
TlcHkSct2
[2026-03-14 21:31:18.088378] Update #2788: G3lG8wonCpKf0wGA7bSX4QwiRsQ
rK
[2026-03-14 21:31:19.186680] Update #2789: K120WNEClf5Lz0vsijX
NUdeAmSdUV
[2026-03-14 21:31:22.440767] Update #2790: 8PiM720ymZINJTZoUmDICaip6rMYul
[2026-03-14 21:31:22.442616] Update #2791: lHJysDjhOPTejWlQoiK
z86oov1YHs
[2026-03-14 21:31:24.641949] Update #2792: yFzh
5GPscJrkkXOobimCIUc6I
Fkh
[2026-03-14 21:31:24.643897] Update #2793: zvfHbUreBUqdj7f5JZCAPX90DHxUA0
[2026-03-14 21:31:26.827636] Update #2794: z73wo3HUcB3wnNjXGIVgukBCZuymTi
[2026-03-14 21:31:26.828613] Update #2795: Hd5Bt0Kwd0gxAYyNHuUNoLYGsMWhUp
[2026-03-14 21:31:32.633739] Update #2796: 4SXiMhjSDZiXVzyPmt6bSpwv1u3UN6
[2026-03-14 21:31:32.635680] Update #2797: pfHZzOqg3lIgopgkrH043cdIsz7FOo
[2026-03-14 21:31:32.636375] Update #2798: 2eJYFn2q
3FsTrsAJtLuFx6GuX1sZG
[2026-03-14 21:47:02.696578] Update #2799: b0ZYeNYAE8fwmD1mLbaPS3dqg8
IbI
[2026-03-14 21:47:04.898499] Update #2800: If4Nv
9q0pWjxTqmZoapiCu
HWAbw6
[2026-03-14 21:47:09.311997] Update #2801: oroUBX99N8olZYPrpBlSQZtv1JyMgY
[2026-03-14 21:47:09.313844] Update #2802: Ea7ggQP7Q8Myr2DYqiMDYfO8Ecr5At
[2026-03-14 21:47:09.314530] Update #2803: 
Uy1fNUTb7JxEz68kLselyzSCsQrO7
[2026-03-14 21:47:15.855667] Update #2804: H8cHNGx9QPbr09VEHkIb0c7bz2Gxhm
[2026-03-14 21:47:16.936122] Update #2805: HH067Ry3KBjgwVSXFxCrOyadUO0XD3
[2026-03-14 21:47:21.326862] Update #2806: 07YLnqmOhMijZGXL2BBYWHxJ9Aukn0
[2026-03-14 21:47:22.405836] Update #2807: cNyeiUyaqpcM4PSoC7t6NqLrbCXUKA
[2026-03-14 21:47:22.408761] Update #2808: 8spdtMQlYB5JW3l0Ua76NXGC2XcoU5
[2026-03-14 21:47:24.596971] Update #2809: XkweaplUTvb17uvUD4fMXF4C
3fFN3
[2026-03-14 21:47:24.598554] Update #2810: iNzOfr8PSr707o8Ijmg8encnck3aEc
[2026-03-14 21:47:27.909240] Update #2811: l8oJRezoFH9AaeYI0myLQuPty0EGVb
[2026-03-14 21:47:27.909747] Update #2812: K2kPMDmJYfi7Rp6FQhKDKraWWN2ybN
[2026-03-14 21:47:29.019306] Update #2813: giNJzVdfDB
04mg0sDxzPZJSLVgYiZ
[2026-03-14 21:47:32.328358] Update #2814: yG6G3yBsz9aE2McUtZqgJlG4VBUpFb
[2026-03-14 21:47:34.505194] Update #2815: Dt5PnFHQjlFqotqRgW9Mqs8nJgOcYk
[2026-03-14 21:47:36.706012] Update #2816: yrJG8LhuobZCTo6u68bdBtU0e2b8hZ
[2026-03-14 21:47:39.999666] Update #2817: H5oix1B4GTTiUHP1eTDweWoNxWp4Kp
[2026-03-14 21:47:44.428326] Update #2818: 5f66K8YJJF9gglLEk
yiaYLkf6WOmn
[2026-03-14 22:03:15.651811] Update #2819: juSzjshyrfxdCID00EiZKbNmdrcAie
[2026-03-14 22:03:16.751553] Update #2820: plQoTbql052OPmqhO2LjNcYYz0h022
[2026-03-14 22:03:24.521857] Update #2821: 7C4DWODBGlOVmAx03rvyHOh
QkjWkq
[2026-03-14 22:03:25.617142] Update #2822: oOwCFdNjQdqGriyqOsrHdDQkwXRGS0
[2026-03-14 22:03:29.974124] Update #2823: ROAaNXWOIJYjCR3vC1AbiwpS5H37Gy
[2026-03-14 22:03:33.282745] Update #2824: WXy7jGRwvUbdREVTjLVrFKysmN2PHc
[2026-03-14 22:03:35.485865] Update #2825: 72GbcLjLBITEESZfrP6beoW7CgaylC
[2026-03-14 22:03:39.838348] Update #2826: 4zS9a2s3RXUI3ge6FSqKBEXur9i9Y9
[2026-03-14 22:03:40.955671] Update #2827: fyVqdN6aMug0XV7zbY0EQmZEGF3gyd
[2026-03-14 22:03:45.363958] Update #2828: L9HIlk2i37V7gdLPlmJh9AXuaVeLnj
[2026-03-14 22:03:45.365611] Update #2829: LHPSumn5Hx853pchTlX4Cd6
gMeQut
[2026-03-14 22:03:53.047332] Update #2830: o90kATfuogmUAzeZZDjLM60CJsBRbr
[2026-03-14 22:03:53.050076] Update #2831: SAN7jVVbXSoJxNIlzFaO4OhuKXjuDp
[2026-03-14 22:03:55.242169] Update #2832: 5HEOWV4gbbqVcdhrC6SQCNLCf9ZELn
[2026-03-14 22:03:56.338041] Update #2833: Rr05XCiqSiyrSYIWrcLOQrff
MqudG
[2026-03-14 22:03:57.436440] Update #2834: gic
djFeo
atjtEFVtVDmPmQZeb3kR
[2026-03-14 22:19:30.159973] Update #2835: ad6CjblacfINGgh2g8Nwgg9aAf8nLg
[2026-03-14 22:19:30.161878] Update #2836: YWAvz9L2G
WagGViHtJGLlqX5vJrO2
[2026-03-14 22:19:32.354781] Update #2837: 57aK0LbrXHqtwOTJKY58hJaKwGujPH
[2026-03-14 22:19:49.328358] Update #2838: 8OAzhQDG2GH6jSV2BW74T6btNeXu4W
[2026-03-14 22:19:50.424706] Update #2839: MpH8a4NGTBmzo1p3oUhezPgjKBv5Jc
[2026-03-14 22:19:53.720301] Update #2840: p8yfH2NXXNgz
fEmmURIY2HfiWJ
Vm
[2026-03-14 22:19:55.927794] Update #2841: tlpW7OGeX1qyR5kpbu1
ki8AJ8Mfil
[2026-03-14 22:19:58.152165] Update #2842: iV5ftehkWMeLOfh3Ftx
6RjW9j5vJN
[2026-03-14 22:19:58.154105] Update #2843: YXhwB6uL9C8Tezguyv0OX0bZhFFQ0S
[2026-03-14 22:19:59.246463] Update #2844: plZDfm
pbZ3ax6hZDOW1II6sIT
1Yx
[2026-03-14 22:20:00.329120] Update #2845: 3U8yYAa7mGs1tBED
YT2eYgadpEknG
[2026-03-14 22:20:01.440709] Update #2846: 8gvZRPGYAPyqVtbNjtaMRjRukK7nSo
[2026-03-14 22:20:02.559879] Update #2847: Vl3kwiQoSfOEvapNbT9PFnACt73vp4
[2026-03-14 22:20:03.658789] Update #2848: xUimbTs2xO85YEw547Kp2lnoP2kygz
[2026-03-14 22:20:05.862013] Update #2849: 4oAD
NGmCAQjjwAaSEEGvg0Qy4vXLa
[2026-03-14 22:20:06.974303] Update #2850: Elx5IIO81eREdQACpdRMlHUc
j2M
K
[2026-03-14 22:20:10.238576] Update #2851: EFDmk4fOszIqTKJEn4spzrjoP5B6ua
[2026-03-14 22:20:12.398651] Update #2852: zfsn3wnR5Q87NDXPjAn3GZKyM0btMB
[2026-03-14 22:31:48.345623] Update #2853: 8QzqLbGFdqqp4LfOvpvwMuV7E0v4wp
[2026-03-14 22:31:49.429407] Update #2854: TzOwZepYL0Ez0zMLC6RUDqaE3hnBS7
[2026-03-14 22:31:51.645695] Update #2855: 1oOQ3liMyUExOfikyW47YGIEBCsZyU
[2026-03-14 22:31:57.157885] Update #2856: bjwC4lEPSuonXF5cRmmc2IIP6LgnJG
[2026-03-14 22:32:00.465922] Update #2857: j5sa7P7HN3IuDT5yi5UYtr8fYnxkMK
[2026-03-14 22:32:01.565837] Update #2858: kKt
c7Qk0P0cQpmM1N1RTFUVu8Pbho
[2026-03-14 22:32:02.680082] Update #2859: BBXvfmjqwX5F0IyMeiIiDcMNiJu2Dg
[2026-03-14 22:32:09.304334] Update #2860: QpTP0PkmnL363xVNOlOc6nNmxFHhtl
[2026-03-14 22:32:14.008484] Update #2861: hxcVPInZ
Mhu6jo6YkhLOr48C5ycHg
[2026-03-14 22:32:14.009133] Update #2862: FJB6ehoUOYEUE
U
SI9KCxzJAAkDLS
[2026-03-14 22:32:16.224537] Update #2863: 35wOuhHGW0QxODh3xEkdklbbYBNiup
[2026-03-14 22:32:19.553463] Update #2864: 6keD4FYbKrd
6J3qpHvliRUZhnK

e
[2026-03-14 22:32:20.666140] Update #2865: yrsgdF0IQYmpsn0X2tSWYkw356bA
J
[2026-03-14 22:32:25.052844] Update #2866: fW5bDl105DnOVBDyKWDKbAfHqcYgVl
[2026-03-14 22:32:25.053600] Update #2867: Y6fk0Hj9tlp6jigoAcZ8GXvy3unF2l
[2026-03-14 22:32:30.491976] Update #2868: Vy8zsFNa8uFqtshiVcLqHzpFhtIdtG
[2026-03-14 22:32:30.493976] Update #2869: rBTc9gC8synDKs3tzckh5gdFAquYKZ
[2026-03-14 22:48:01.676196] Update #2870: 1JruC1kMCSFX3FTm2cVOMQEBvac1fb
[2026-03-14 22:48:03.889726] Update #2871: AxLNmId6Q9fBBPd8DSWm2aReujviAS
[2026-03-14 22:48:05.005708] Update #2872: hwu8u0AblhRm0En89BwkI6T5nIZLkk
[2026-03-14 22:48:06.104551] Update #2873: wjd32immdLJ00uIhZjg0LrLp4hu4Pb
[2026-03-14 22:48:09.384303] Update #2874: UxH3fFFogWcAfXDVZG30Z50Ys1D5Ey
[2026-03-14 22:48:14.862184] Update #2875: Qehyci76L
J44iaTOVJZSfwHRce4
o
[2026-03-14 22:48:18.142273] Update #2876: uNhPQ1LNclrGcSJD
RtkNPr6Mqzsuz
[2026-03-14 22:48:24.669990] Update #2877: THNndrPCrEMVwaRPLvMBiMcOfU4fjv
[2026-03-14 22:48:29.076475] Update #2878: tX1wwjjj9GrzL0q3FQuts6kk8aKtuF
[2026-03-14 22:48:30.174396] Update #2879: 5qGbMdc06hm6jB36owGP6wZhi9xVZu
[2026-03-14 22:48:41.927050] Update #2880: 1HBlkVAH5kTWP
JW0OmXkOKeswMpM0
[2026-03-14 22:48:46.318503] Update #2881: sQGw1hn6qbCA8su7R5u2XLTBLmFJkC
[2026-03-14 22:48:46.321186] Update #2882: YXV1z0FGj2yptWFthMT1rtfYex7gJ

[2026-03-14 23:04:19.670033] Update #2883: xa2vYzJoyeJIAnO8l3nS1uj6leh
dg
[2026-03-14 23:04:27.320696] Update #2884: kg7JJE8Y22gLBOjuKzkDfts4xfQG5U
[2026-03-14 23:04:39.355148] Update #2885: VktBuJ26afkNUBgG0cq2qItTo7YYRc
[2026-03-14 23:04:39.358193] Update #2886: 6AKrKBK0iZk5i5C
vU6uwSxY6
kcc

[2026-03-14 23:04:40.470119] Update #2887: pZx6wZucLzXjLTUNCLJ5C4dIAYt5J4
[2026-03-14 23:04:43.773876] Update #2888: NtWv0hNgvo0cxLWgyvfNyVvvl97j9I
[2026-03-14 23:04:52.584205] Update #2889: OBrn8Le6x1y8zvk8KSQyNiGI3KUeWU
[2026-03-14 23:04:59.146452] Update #2890: 2nDZNJuZPmReRYBpd5CPvoiu7mrV3a
[2026-03-14 23:05:00.255756] Update #2891: SbEmxCwCAvZADFFqSHnK34f3son6Ub
[2026-03-14 23:05:00.258181] Update #2892: fhOYHpXNPPHbwKAV3wNXWGt
YToek

[2026-03-14 23:20:26.330440] Update #2893: rgjxrwXK1Hsfk
XtPAxRXh1AhcvR1O
[2026-03-14 23:20:35.070566] Update #2894: vsbs2yycN4sc9VtSOCov7W4XcCPRiV
[2026-03-14 23:20:42.787993] Update #2895: n9jVHbSfEXkMM3NYhaAbiWINgt43RL
[2026-03-14 23:20:55.865933] Update #2896: PEzeblrRK9kFChS6HlFwykLLcegHjt
[2026-03-14 23:20:56.976839] Update #2897: dDyBkSgxJkNq9oq21lD1CwCegXXc
T
[2026-03-14 23:20:59.157208] Update #2898: DL5y0C5CN
TJQ1xqIXEVFOLyl2HT2v
[2026-03-14 23:21:00.257949] Update #2899: uZWZT9YDuvKcEhx34FAQgG6znduC21
[2026-03-14 23:21:01.376226] Update #2900: 2rKZch3CFJfixwCyWBGGyxwHle1oCY
[2026-03-14 23:21:05.757727] Update #2901: nCjZ8ianO35VbR06F0k
Pyq5zx8v
w
[2026-03-14 23:21:07.921945] Update #2902: fat2Za9FtObsYMX7BCqamCJP5aj9Qj
[2026-03-14 23:21:09.033574] Update #2903: dw6bqFlJNHoANHfPjvYpzr8FI98mvr
[2026-03-14 23:21:09.034410] Update #2904: 7JAI08gXR1hmJopluG
uSFyZjx2SJS
[2026-03-14 23:21:10.140625] Update #2905: qZvlEd1DaR8Mj7mLRIA9HTMV2Lfqio
[2026-03-14 23:21:11.221757] Update #2906: Y2MXNGnCfb2SyPmdZWjAdjN8
omip8
[2026-03-14 23:21:12.324000] Update #2907: bkHye7TPasuIXGvYUNKEqUoEcjUVaM
[2026-03-14 23:21:35.927147] Update #2908: WCc0VEsaWc0kAshZE6Ux1CfuxFekgL
[2026-03-14 23:21:38.152756] Update #2909: 80rQK2YUz0TiBRnw
QcpnFbUXXqHsO
[2026-03-14 23:21:38.154137] Update #2910: L5fp03vtMXmPci1e8Pj5Q
0K5ZeTWj
[2026-03-14 23:21:44.712422] Update #2911: RG83akN4bPguPNIKbaWUrIWZObvjhf
[2026-03-14 23:21:48.025989] Update #2912: Op7LDlLjwwz7O0KbW530wfbIeqoNKt
[2026-03-14 23:21:50.229764] Update #2913: e6HsQOR
U713ysFgLEVUugEEEvF88c
[2026-03-14 23:21:59.015942] Update #2914: oTdiN2mxl1SqvysD2CtfAXnftQleBz
[2026-03-14 23:21:59.017053] Update #2915: bm48DOsLK3szGEByXQ0EugaILKjfCn
[2026-03-14 23:22:00.123411] Update #2916: 57x2SGGdZK9e5LARe2
4qqUHrdf3aY
[2026-03-14 23:22:01.220720] Update #2917: 7
Ex58h9AVWNEfnFwx9mYzrPAKt1Il
[2026-03-14 23:22:03.437536] Update #2918: OMHcrgRM9Mv
kkyTrPL
B0s8oQgGRV
[2026-03-14 23:22:03.439426] Update #2919: ZGQNulxSfdNZ02vlohr20ed9G1RlZh
[2026-03-14 23:22:04.548526] Update #2920: EuluL3NMuDJ4T7AwGpEKDAx4kFzqWq
[2026-03-14 23:22:06.762178] Update #2921: 6URL0KCwJRXx8RyqTGr3L6BdDRMVWt
[2026-03-14 23:22:13.334756] Update #2922: aMvFL25BaI1bYGJlSXSLl5fkiRhFEQ
[2026-03-14 23:22:19.916955] Update #2923: FANXOb
qersRI0Yl01uWiznhK60Ty1
[2026-03-14 23:22:21.032322] Update #2924: JRrdiEK0ASrLL5eQzV2f3LAL2g4gEq
[2026-03-14 23:27:33.495755] Update #2925: ptflGK1
Yw
aKW3u8mLSSriNIvwPHW
[2026-03-14 23:27:34.569693] Update #2926: MaGEYNlniLoMD6mlHdq41zXr1Riscv
[2026-03-14 23:27:41.158868] Update #2927: 0vEP4ZLFzZ1wHCXdZLvXQ5aLVlINJR
[2026-03-14 23:27:42.260137] Update #2928: m0jS
Ayf4jToaP4aJtfiH4Bi1TMMEF
[2026-03-14 23:27:44.450599] Update #2929: h5GeGB8rZBI4mqsfFOJFYzEnyWcCR2
